,Player,Team,Pos,G,MP,GS,FG,FGA,FG%,3P,3PA,3P%,2P,2PA,2P%,FT,FTA,FT%,ORB,TRB,AST,STL,BLK,TOV,PF,PTS,Season,PER,TS%,eFG%,3PAr,FTr,ORB%,TRB%,AST%,STL%,BLK%,TOV%,USG%,ORtg,DRtg, ,DWS,WS,WS/40
0,Kayla Alexander,TOR,C,4,40,0,3,7,0.429,0,0,,3,7,0.429,3,4,0.75,4,11,2,1,1,4,4,9,2026,8.3,0.514,0.429,0.0,0.571,12.0,16.7,7.5,1.3,2.3,31.3,14.1,91.0,117,,0.0,0.0,-0.038
1,Julie Allemand,TOR,G,31,886,29,73,135,0.541,37,88,0.42,36,47,0.766,10,13,0.769,9,99,170,42,12,53,60,193,2026,13.5,0.686,0.678,0.652,0.096,1.2,6.8,29.1,2.4,1.3,27.4,9.6,123.0,118,,0.0,1.6,0.073
2,Rebecca Allen,NYL,F-G,27,493,12,55,129,0.426,36,88,0.409,19,41,0.463,13,15,0.867,15,65,18,15,12,16,60,159,2026,10.6,0.586,0.566,0.682,0.116,3.9,7.9,5.5,1.5,2.2,10.6,13.7,113.0,110,,0.6,1.2,0.095
3,Laeticia Amihere,GSV,F,37,445,1,54,110,0.491,7,17,0.412,47,93,0.505,32,55,0.582,46,116,38,18,30,29,59,147,2026,17.1,0.548,0.523,0.155,0.5,12.2,15.9,14.2,2.2,7.1,17.8,17.0,110.0,96,,1.4,1.9,0.173
4,Georgia Amoore,WAS,G,42,965,42,94,255,0.369,63,183,0.344,31,72,0.431,35,41,0.854,11,59,147,14,5,84,104,286,2026,7.0,0.524,0.492,0.718,0.161,1.4,3.7,24.1,0.8,0.5,23.5,16.5,98.0,110,,1.1,0.8,0.034
5,Nell Angloma,CON,F,38,462,1,55,137,0.401,6,32,0.188,49,105,0.467,43,66,0.652,30,71,31,21,10,29,67,159,2026,10.1,0.479,0.423,0.234,0.482,7.5,9.3,11.1,2.3,2.1,14.9,18.6,96.0,112,,0.4,0.1,0.01
6,Pauline Astier,NYL,G,42,982,37,145,264,0.549,18,52,0.346,127,212,0.599,82,94,0.872,26,112,141,35,6,71,126,390,2026,14.9,0.639,0.583,0.197,0.356,3.4,6.9,22.8,1.8,0.5,18.9,17.1,120.0,110,,1.0,3.4,0.14
7,Ariel Atkins,LAS,G,40,1076,40,120,316,0.38,46,164,0.28,74,152,0.487,55,59,0.932,28,117,114,66,15,59,122,341,2026,10.6,0.499,0.453,0.519,0.187,3.1,6.5,15.7,3.0,1.3,14.7,16.3,100.0,112,,1.0,0.9,0.035
8,Shakira Austin,WAS,C,41,1208,41,254,517,0.491,17,52,0.327,237,465,0.51,172,239,0.72,77,384,105,30,53,118,77,697,2026,20.7,0.56,0.508,0.101,0.462,8.0,19.2,16.7,1.3,4.1,15.9,27.4,106.0,100,,3.0,4.4,0.145
9,Valeriane Ayayi,PHO,F,34,557,5,51,137,0.372,19,68,0.279,32,69,0.464,96,117,0.821,23,94,42,17,8,46,65,217,2026,11.7,0.576,0.442,0.496,0.854,5.0,10.4,11.9,1.5,1.4,19.6,19.1,105.0,111,,0.5,0.9,0.063
10,Rachel Banham,CHI,G,38,514,2,64,177,0.362,42,129,0.326,22,48,0.458,15,19,0.789,3,46,48,11,8,29,50,185,2026,8.0,0.499,0.48,0.729,0.107,0.7,5.1,14.6,1.0,1.3,13.5,18.1,94.0,114,,0.3,-0.1,-0.009
11,Ornella Bankole,TOR,F,12,168,0,14,28,0.5,5,11,0.455,9,17,0.529,6,7,0.857,10,23,13,2,0,4,40,39,2026,7.8,0.627,0.589,0.393,0.25,7.2,8.3,11.8,0.6,0.0,11.4,9.2,133.0,123,,-0.1,0.3,0.062
12,Sarah Ashlee Barker,POR,G,26,642,15,108,215,0.502,36,90,0.4,72,125,0.576,26,35,0.743,21,117,62,23,9,52,64,278,2026,14.6,0.603,0.586,0.419,0.163,4.1,11.5,16.5,1.8,1.4,18.4,19.7,106.0,114,,0.3,0.9,0.054
13,Raegan Beers,CON,F,36,426,1,52,106,0.491,2,6,0.333,50,100,0.5,39,58,0.672,43,110,30,16,9,34,98,145,2026,11.6,0.551,0.5,0.057,0.547,11.6,15.7,11.7,1.9,2.0,20.5,17.1,103.0,110,,0.5,0.6,0.055
14,Kierstan Bell,LVA,F,28,270,0,19,69,0.275,12,50,0.24,7,19,0.368,3,4,0.75,10,40,16,6,10,14,28,53,2026,4.2,0.375,0.362,0.725,0.058,4.6,8.9,7.9,1.1,3.3,16.5,14.2,80.0,109,,0.3,-0.2,-0.033
15,Lauren Betts,WAS,C,42,731,1,104,190,0.547,0,0,,104,190,0.547,60,83,0.723,47,188,46,24,33,38,56,268,2026,17.2,0.592,0.547,0.0,0.437,8.1,15.5,10.7,1.7,4.3,14.4,16.2,115.0,101,,1.7,3.0,0.164
16,Monique Billings,IND,F,41,773,31,92,177,0.52,5,18,0.278,87,159,0.547,77,103,0.748,67,189,40,35,19,32,87,266,2026,16.0,0.598,0.534,0.102,0.582,11.4,15.3,7.2,2.2,2.1,12.6,14.4,124.0,109,,1.0,3.0,0.155
17,Isobel Borlase,ATL,G,42,551,1,75,175,0.429,22,66,0.333,53,109,0.486,34,38,0.895,11,61,44,13,4,32,52,206,2026,9.9,0.537,0.491,0.377,0.217,2.3,6.7,12.2,1.2,0.7,14.3,17.1,105.0,109,,0.7,1.0,0.074
18,Aliyah Boston,IND,C-F,38,1040,38,238,454,0.524,42,102,0.412,196,352,0.557,106,129,0.822,67,308,116,57,48,88,123,624,2026,24.2,0.611,0.57,0.225,0.284,8.5,18.5,18.3,2.7,3.9,14.7,25.2,117.0,104,,2.1,5.2,0.198
19,Cameron Brink,LAS,F,31,595,1,102,220,0.464,28,89,0.315,74,131,0.565,64,83,0.771,45,155,46,20,55,75,111,296,2026,15.8,0.577,0.527,0.405,0.377,9.1,15.7,12.5,1.6,8.4,22.6,24.4,98.0,107,,0.9,0.7,0.045
20,Noémie Brochant,PHO,F-G,41,961,31,103,228,0.452,43,113,0.381,60,115,0.522,13,18,0.722,15,84,76,43,9,40,63,262,2026,10.0,0.555,0.546,0.496,0.079,1.9,5.4,12.8,2.3,0.9,14.5,13.0,103.0,112,,0.8,1.1,0.044
21,Kalani Brown,LVA,C,2,13,0,4,4,1.0,0,0,,4,4,1.0,2,3,0.667,1,3,1,1,0,2,3,10,2026,30.3,0.94,1.0,0.0,0.75,9.5,13.9,15.0,3.9,0.0,27.3,25.4,126.0,104,,0.0,0.1,0.247
22,Lexie Brown,SEA,G,10,148,0,12,26,0.462,9,20,0.45,3,6,0.5,5,6,0.833,1,13,11,5,1,10,13,38,2026,8.1,0.663,0.635,0.769,0.231,0.8,5.0,11.4,1.7,0.6,25.9,11.4,104.0,114,,0.1,0.1,0.035
23,Paige Bueckers,DAL,G,40,1313,40,314,617,0.509,75,188,0.399,239,429,0.557,120,139,0.863,26,164,233,37,16,88,100,823,2026,22.6,0.607,0.57,0.305,0.225,2.4,7.4,30.3,1.4,1.1,11.5,26.0,120.0,110,,1.5,6.2,0.189
24,Frieda Bühner,POR,F-C,38,586,0,82,189,0.434,34,95,0.358,48,94,0.511,42,48,0.875,27,80,29,13,2,34,63,240,2026,11.3,0.571,0.524,0.503,0.254,5.8,8.6,8.1,1.1,0.3,13.9,18.7,108.0,119,,-0.1,0.5,0.033
25,Kennedy Burke,CON,G-F,37,881,14,112,279,0.401,44,136,0.324,68,143,0.476,57,80,0.713,38,119,53,46,30,55,55,325,2026,12.5,0.517,0.48,0.487,0.287,5.0,8.2,10.1,2.6,3.2,14.9,18.4,98.0,110,,0.9,0.7,0.03
26,Rae Burrell,LAS,G-F,41,1178,33,206,446,0.462,65,172,0.378,141,274,0.515,123,152,0.809,23,96,106,34,25,99,66,600,2026,14.2,0.585,0.535,0.386,0.341,2.3,4.9,14.7,1.4,1.9,16.2,22.8,105.0,116,,0.4,1.2,0.04
27,Veronica Burton,GSV,G,42,1193,42,164,387,0.424,58,164,0.354,106,223,0.475,120,145,0.828,48,150,239,67,18,60,106,506,2026,20.4,0.561,0.499,0.424,0.375,4.7,7.7,34.3,3.0,1.6,11.7,19.8,124.0,101,,3.0,7.1,0.239
28,Maya Caldwell,MIN,G,42,584,3,58,156,0.372,29,78,0.372,29,78,0.372,22,27,0.815,36,95,44,28,7,30,57,167,2026,10.5,0.497,0.465,0.5,0.173,7.5,9.7,10.1,2.4,1.2,15.2,14.9,105.0,107,,0.9,1.2,0.081
29,Jordin Canada,ATL,G,41,1278,41,154,353,0.436,37,128,0.289,117,225,0.52,123,160,0.769,29,146,299,78,11,103,104,468,2026,16.4,0.553,0.489,0.363,0.453,2.6,6.9,35.0,3.0,0.8,19.6,17.4,115.0,105,,2.4,4.9,0.154
30,Emma Cannon,LAS,F,17,123,1,20,40,0.5,12,24,0.5,8,16,0.5,19,23,0.826,9,24,6,1,2,14,28,71,2026,14.8,0.708,0.65,0.6,0.575,8.8,11.7,7.8,0.4,1.5,21.8,22.9,114.0,116,,0.0,0.3,0.097
31,Kamilla Cardoso,CHI,C,41,1082,41,229,418,0.548,0,0,,229,418,0.548,140,187,0.749,113,354,100,24,61,73,148,598,2026,22.2,0.598,0.548,0.0,0.447,11.8,18.8,16.7,1.1,4.9,12.7,23.0,117.0,107,,1.7,4.6,0.171
32,Bridget Carleton,POR,F,39,1195,39,186,460,0.404,106,288,0.368,80,172,0.465,79,90,0.878,28,175,84,61,17,47,83,557,2026,15.9,0.557,0.52,0.626,0.196,2.9,9.3,11.8,2.6,1.4,8.6,20.5,112.0,114,,0.7,2.6,0.086
33,Raquel Carrera Quintana,NYL,C,23,126,0,11,20,0.55,2,8,0.25,9,12,0.75,7,12,0.583,8,24,7,3,2,6,18,31,2026,9.9,0.613,0.6,0.4,0.6,8.1,11.5,8.1,1.2,1.4,19.2,11.1,116.0,110,,0.1,0.3,0.098
34,DiJonai Carrington,CHI,G-F,11,178,0,31,94,0.33,7,25,0.28,24,69,0.348,28,38,0.737,5,34,7,7,2,9,22,97,2026,10.0,0.438,0.367,0.266,0.404,3.2,11.0,6.7,1.9,1.0,7.5,29.2,89.0,109,,0.2,-0.2,-0.042
35,Chennedy Carter,LVA,G,13,220,0,60,100,0.6,11,21,0.524,49,79,0.62,28,37,0.757,9,23,17,11,4,17,32,159,2026,24.4,0.684,0.655,0.21,0.37,5.0,6.3,14.1,2.5,1.6,12.8,27.3,121.0,109,,0.3,1.1,0.198
36,Sha Carter,PHO,F,13,81,0,3,18,0.167,0,9,0.0,3,9,0.333,9,16,0.563,3,9,7,5,0,2,11,15,2026,3.9,0.3,0.167,0.5,0.889,4.5,6.8,12.5,3.1,0.0,7.4,15.1,79.0,110,,0.1,-0.1,-0.053
37,Emma Čechová,MIN,C,3,52,0,10,16,0.625,0,1,0.0,10,15,0.667,5,8,0.625,4,11,0,1,2,4,12,25,2026,13.9,0.64,0.625,0.063,0.5,9.4,12.6,0.0,1.0,3.8,17.0,19.9,110.0,107,,0.1,0.1,0.109
38,Kaila Charles,GSV,G-F,42,841,11,101,247,0.409,27,96,0.281,74,151,0.49,40,52,0.769,66,195,60,35,10,43,99,269,2026,12.6,0.498,0.464,0.389,0.211,9.3,14.1,11.9,2.2,1.2,13.7,17.2,105.0,100,,2.2,2.6,0.126
39,Kaitlyn Chen,GSV,G,42,643,0,119,227,0.524,29,68,0.426,90,159,0.566,30,42,0.714,13,47,82,12,1,49,52,297,2026,14.6,0.605,0.588,0.3,0.185,2.4,4.4,23.8,1.0,0.2,16.6,21.2,111.0,107,,1.0,2.0,0.123
40,Shay Ciezki,PHO,G,6,91,0,16,33,0.485,6,14,0.429,10,19,0.526,13,15,0.867,2,12,11,3,2,6,17,51,2026,18.6,0.644,0.576,0.424,0.455,2.7,8.1,22.0,1.7,2.2,13.2,22.7,120.0,111,,0.1,0.4,0.163
41,Sonia Citron,WAS,G,38,1261,38,204,427,0.478,53,155,0.342,151,272,0.555,177,203,0.872,34,141,168,45,24,95,80,638,2026,18.9,0.618,0.54,0.363,0.475,3.4,6.7,23.5,1.8,1.8,15.5,21.7,120.0,106,,2.2,5.8,0.185
42,Alysha Clark,DAL,F,29,338,1,23,58,0.397,13,39,0.333,10,19,0.526,16,24,0.667,11,51,20,6,7,15,54,75,2026,6.7,0.547,0.509,0.672,0.414,3.9,8.9,7.8,0.9,1.9,18.0,11.0,105.0,110,,0.4,0.5,0.059
43,Caitlin Clark,IND,G,38,1194,38,272,603,0.451,111,302,0.368,161,301,0.535,207,244,0.848,8,147,321,37,19,177,121,862,2026,22.9,0.607,0.543,0.501,0.405,0.9,7.7,44.0,1.5,1.4,19.9,32.5,114.0,112,,1.0,4.9,0.165
44,Natasha Cloud,CHI,G,40,1127,27,150,306,0.49,45,126,0.357,105,180,0.583,100,117,0.855,11,135,193,42,13,86,117,445,2026,14.7,0.622,0.564,0.412,0.382,1.1,6.9,27.1,1.8,1.0,19.4,17.1,113.0,111,,1.1,2.9,0.102
45,Nia Coffey,MIN,F,42,948,28,98,224,0.438,51,134,0.381,47,90,0.522,14,24,0.583,37,181,73,41,44,29,86,261,2026,13.6,0.556,0.551,0.598,0.107,4.8,11.4,10.3,2.2,4.6,11.0,12.2,116.0,104,,1.9,3.2,0.136
46,Napheesa Collier,MIN,F,14,431,14,95,188,0.505,21,49,0.429,74,139,0.532,42,49,0.857,16,101,38,19,14,33,26,253,2026,21.8,0.604,0.561,0.261,0.261,4.5,14.0,14.1,2.2,3.2,13.6,24.7,114.0,103,,0.9,1.9,0.173
47,Maria Conde,TOR,F,34,910,19,102,285,0.358,53,155,0.342,49,130,0.377,36,41,0.878,32,155,89,17,6,56,66,293,2026,9.0,0.483,0.451,0.544,0.144,4.2,10.3,15.5,0.9,0.6,15.6,17.4,98.0,120,,-0.3,-0.6,-0.027
48,Zia Cooke,SEA,G,41,616,1,99,285,0.347,32,109,0.294,67,176,0.381,79,98,0.806,19,68,44,16,1,44,56,309,2026,9.6,0.471,0.404,0.382,0.344,3.5,6.3,12.5,1.3,0.2,11.8,26.3,94.0,115,,0.3,-0.5,-0.031
49,Kahleah Copper,PHO,G-F,38,1252,38,272,611,0.445,65,218,0.298,207,393,0.527,201,255,0.788,20,136,71,29,3,91,102,810,2026,15.7,0.56,0.498,0.357,0.417,1.9,6.7,11.1,1.2,0.2,11.2,29.4,104.0,114,,0.7,1.5,0.047
50,Aicha Coulibaly,CHI,G,30,407,5,48,110,0.436,1,22,0.045,47,88,0.534,58,65,0.892,16,79,18,20,7,22,47,155,2026,12.8,0.559,0.441,0.2,0.591,4.4,11.2,6.8,2.4,1.5,13.7,17.2,107.0,108,,0.6,0.9,0.087
51,Sophie Cunningham,IND,G,41,911,3,100,215,0.465,64,150,0.427,36,65,0.554,63,72,0.875,10,93,50,23,5,28,77,327,2026,12.4,0.663,0.614,0.698,0.335,1.4,6.4,7.5,1.2,0.5,10.2,13.2,128.0,114,,0.5,2.8,0.121
52,Damiris Dantas,IND,C-F,12,98,0,13,32,0.406,7,20,0.35,6,12,0.5,7,9,0.778,4,18,4,2,2,9,22,40,2026,7.7,0.556,0.516,0.625,0.281,5.4,11.5,5.8,1.0,1.7,20.0,20.1,97.0,112,,0.1,0.0,0.017
53,Antonia Delaere,MIN,G,37,423,0,38,85,0.447,25,58,0.431,13,27,0.481,6,6,1.0,7,27,40,16,0,14,36,107,2026,9.9,0.61,0.594,0.682,0.071,2.0,3.8,12.5,1.9,0.0,13.8,10.6,122.0,111,,0.4,1.1,0.105
54,Skylar Diggins,CHI,G,19,553,19,87,222,0.392,26,68,0.382,61,154,0.396,69,89,0.775,13,60,93,18,11,33,41,269,2026,15.6,0.515,0.45,0.306,0.401,2.7,6.2,27.7,1.6,1.7,11.2,23.1,106.0,112,,0.4,1.0,0.072
55,Stefanie Dolson,SEA,C,43,654,12,46,103,0.447,23,57,0.404,23,46,0.5,29,34,0.853,26,105,51,12,19,38,96,144,2026,8.2,0.61,0.558,0.553,0.33,4.5,9.2,11.8,0.9,2.7,24.4,10.4,107.0,113,,0.5,0.8,0.052
56,Angela Dugalić,WAS,F,36,326,3,40,92,0.435,4,32,0.125,36,60,0.6,17,25,0.68,20,84,22,12,7,23,34,101,2026,11.1,0.49,0.457,0.348,0.272,7.7,15.5,11.1,1.9,2.0,18.3,17.3,96.0,102,,0.7,0.6,0.069
57,Kara Dunn,PHO,G,3,43,0,5,15,0.333,5,10,0.5,0,5,0.0,0,0,,3,4,2,0,0,1,5,15,2026,7.5,0.5,0.5,0.667,0.0,8.5,5.7,7.6,0.0,0.0,6.3,16.8,105.0,119,,0.0,0.0,0.014
58,Aaliyah Edwards,CON,F,28,575,19,119,224,0.531,7,15,0.467,112,209,0.536,63,88,0.716,38,123,27,22,9,46,66,308,2026,17.0,0.586,0.547,0.067,0.393,7.6,13.0,9.1,1.9,1.5,14.9,23.6,106.0,111,,0.5,1.0,0.072
59,Emily Engstler,POR,F,43,1051,43,165,351,0.47,55,147,0.374,110,204,0.539,50,72,0.694,54,241,92,61,61,82,131,435,2026,16.8,0.568,0.548,0.419,0.205,6.5,14.5,14.7,3.0,5.7,17.6,19.8,105.0,108,,1.4,2.0,0.077
60,Dana Evans,LVA,G,13,200,1,17,62,0.274,11,30,0.367,6,32,0.188,3,6,0.5,0,19,26,3,2,15,12,48,2026,3.0,0.371,0.363,0.484,0.097,0.0,5.7,17.7,0.8,0.9,18.8,18.0,77.0,112,,0.2,-0.4,-0.087
61,Temi Fagbenle,TOR,C,25,444,10,59,118,0.5,11,32,0.344,48,86,0.558,18,32,0.563,32,85,24,13,8,32,58,147,2026,10.5,0.556,0.547,0.271,0.271,8.7,11.6,8.9,1.5,1.7,19.5,16.3,101.0,119,,-0.1,0.0,-0.003
62,Awa Fam,SEA,C,36,989,25,138,316,0.437,52,152,0.342,86,164,0.524,30,38,0.789,70,213,66,30,27,61,98,358,2026,12.7,0.538,0.519,0.481,0.12,8.0,12.3,11.3,1.5,2.6,15.5,17.4,103.0,111,,1.0,1.3,0.053
63,Mariella Fasoula,TOR,C,3,15,0,2,5,0.4,0,0,,2,5,0.4,0,0,,1,3,1,1,2,2,5,4,2026,5.7,0.4,0.4,0.0,0.0,8.0,12.1,11.0,3.4,12.5,28.6,20.6,70.0,108,,0.0,0.0,-0.126
64,Marine Fauthoux,NYL,G,20,243,0,25,62,0.403,12,37,0.324,13,25,0.52,16,25,0.64,6,39,36,3,0,22,16,78,2026,9.6,0.534,0.5,0.597,0.403,3.2,9.7,22.0,0.6,0.0,23.2,17.4,101.0,112,,0.2,0.2,0.036
65,Sania Feagin,LAS,F,3,10,0,0,1,0.0,0,0,,0,1,0.0,0,0,,0,1,2,0,0,0,3,0,2026,-1.0,0.0,0.0,0.0,0.0,0.0,6.0,25.4,0.0,0.0,0.0,4.4,90.0,118,,0.0,0.0,-0.019
66,Leonie Fiebich,NYL,F,19,555,19,60,135,0.444,35,81,0.432,25,54,0.463,28,32,0.875,24,60,38,23,2,34,47,183,2026,11.4,0.614,0.574,0.6,0.237,5.5,6.5,10.2,2.1,0.3,18.6,14.7,112.0,111,,0.6,1.2,0.089
67,Nadia Fingall,GSV,C,10,32,0,4,6,0.667,1,3,0.333,3,3,1.0,2,2,1.0,3,5,2,0,0,1,1,11,2026,17.6,0.799,0.75,0.5,0.333,11.1,9.5,10.5,0.0,0.0,12.7,11.4,153.0,109,,0.0,0.2,0.23
68,Alicia Flórez,WAS,G,33,404,0,43,120,0.358,8,44,0.182,35,76,0.461,22,40,0.55,11,46,66,21,5,39,51,116,2026,7.6,0.422,0.392,0.367,0.333,3.4,6.9,26.2,2.7,1.2,22.1,19.5,87.0,104,,0.8,0.0,0.001
69,Alex Fowler,NYL,F,2,31,0,4,10,0.4,2,7,0.286,2,3,0.667,2,2,1.0,0,0,1,1,0,3,10,12,2026,1.1,0.551,0.5,0.7,0.2,0.0,0.0,5.0,1.6,0.0,21.6,20.0,88.0,113,,0.0,0.0,-0.037
70,Azzi Fudd,DAL,G,30,950,24,156,342,0.456,62,156,0.397,94,186,0.505,19,23,0.826,16,52,55,52,25,33,68,393,2026,13.9,0.558,0.547,0.456,0.067,2.0,3.2,8.8,2.8,2.4,8.6,18.1,108.0,108,,1.3,2.2,0.092
71,Rebekah Gardner,NYL,G,40,596,2,78,157,0.497,11,44,0.25,67,113,0.593,40,43,0.93,38,98,50,21,8,25,66,207,2026,14.3,0.588,0.532,0.28,0.274,8.1,9.9,13.0,1.8,1.2,12.4,15.0,122.0,110,,0.7,2.1,0.14
72,Luisa Geiselsöder,POR,C,21,348,9,33,100,0.33,16,55,0.291,17,45,0.378,12,15,0.8,10,55,27,7,8,19,53,94,2026,5.8,0.441,0.41,0.55,0.15,3.6,10.0,11.8,1.0,2.3,15.1,16.2,91.0,116,,0.1,-0.3,-0.036
73,Allisha Gray,ATL,G,42,1369,42,267,581,0.46,77,230,0.335,190,351,0.541,188,234,0.803,29,145,111,55,15,64,119,799,2026,18.1,0.584,0.526,0.396,0.403,2.4,6.4,13.7,2.0,1.0,8.6,23.0,119.0,107,,2.1,6.1,0.179
74,Chelsea Gray,LVA,G,41,1338,41,177,407,0.435,71,194,0.366,106,213,0.498,64,69,0.928,10,135,274,55,14,110,84,489,2026,14.4,0.559,0.522,0.477,0.17,0.9,6.1,29.7,2.1,0.9,20.1,18.5,108.0,109,,1.7,3.1,0.094
75,Chance Gray,LAS,G,38,435,0,37,97,0.381,27,74,0.365,10,23,0.435,19,22,0.864,10,42,37,6,1,23,29,120,2026,7.8,0.562,0.521,0.763,0.227,2.8,5.8,12.1,0.7,0.2,17.7,13.1,105.0,118,,0.0,0.2,0.018
76,Zaay Green,TOR,G,5,36,0,3,8,0.375,1,5,0.2,2,3,0.667,0,0,,0,2,1,1,0,4,5,7,2026,-2.4,0.438,0.438,0.625,0.0,0.0,3.4,4.2,1.4,0.0,33.3,14.7,60.0,122,,0.0,-0.2,-0.192
77,Aubrey Griffin,NYL,G-F,4,8,0,1,1,1.0,0,0,,1,1,1.0,0,0,,0,1,0,0,0,1,1,2,2026,3.1,1.0,1.0,0.0,0.0,0.0,7.5,0.0,0.0,0.0,50.0,11.2,72.0,114,,0.0,0.0,-0.056
78,Brittney Griner,CON,C,18,455,18,97,184,0.527,1,4,0.25,96,180,0.533,43,64,0.672,35,105,45,8,32,32,48,238,2026,20.0,0.561,0.53,0.022,0.348,8.8,14.0,19.5,0.9,6.7,13.1,23.6,108.0,110,,0.5,1.1,0.096
79,Megan DiLeo,POR,C,40,961,31,203,370,0.549,52,146,0.356,151,224,0.674,64,79,0.81,56,169,37,17,25,30,102,522,2026,19.6,0.645,0.619,0.395,0.214,7.3,11.1,7.1,0.9,2.6,6.9,20.3,126.0,117,,0.1,3.4,0.141
80,Bree Hall,IND,G,4,13,0,3,6,0.5,2,2,1.0,1,4,0.25,0,2,0.0,0,1,0,0,0,0,0,8,2026,15.4,0.581,0.667,0.333,0.333,0.0,4.8,0.0,0.0,0.0,0.0,23.2,108.0,118,,0.0,0.0,0.041
81,Dearica Hamby,LAS,F,41,1174,41,228,413,0.552,9,38,0.237,219,375,0.584,127,186,0.683,78,286,99,61,17,77,116,592,2026,19.2,0.598,0.563,0.092,0.45,8.0,14.7,14.2,2.5,1.3,13.5,21.4,114.0,109,,1.4,3.8,0.13
82,Eliška Joklová,MIN,G,21,112,0,10,23,0.435,0,6,0.0,10,17,0.588,16,21,0.762,7,22,23,3,3,11,17,36,2026,14.2,0.558,0.435,0.261,0.913,7.6,11.7,27.1,1.4,2.6,25.4,17.0,112.0,107,,0.2,0.4,0.126
83,Rori Harmon,WAS,G,14,74,0,4,11,0.364,1,5,0.2,3,6,0.5,3,4,0.75,0,8,14,5,0,12,12,12,2026,3.0,0.47,0.409,0.455,0.364,0.0,6.5,28.0,3.5,0.0,48.5,14.9,71.0,103,,0.2,-0.1,-0.057
84,Isabelle Harrison,TOR,F,30,707,24,133,312,0.426,21,74,0.284,112,238,0.471,81,113,0.717,54,199,47,25,21,50,76,368,2026,16.6,0.509,0.46,0.237,0.362,9.2,17.1,12.0,1.8,2.8,12.1,25.7,102.0,115,,0.3,0.5,0.031
85,Jordan Harrison,POR,G,15,210,2,25,58,0.431,6,21,0.286,19,37,0.514,19,26,0.731,7,26,57,11,1,31,33,75,2026,12.5,0.54,0.483,0.362,0.448,4.2,7.8,42.8,2.7,0.5,30.9,21.5,100.0,115,,0.1,0.1,0.016
86,Tyasha Harris,IND,G,37,507,4,53,124,0.427,24,67,0.358,29,57,0.509,24,27,0.889,6,39,73,10,5,19,40,154,2026,11.6,0.567,0.524,0.54,0.218,1.6,4.8,19.6,1.0,0.8,12.3,13.4,122.0,115,,0.2,1.3,0.101
87,Tiffany Hayes,GSV,G,40,674,4,121,258,0.469,25,86,0.291,96,172,0.558,96,122,0.787,22,84,104,32,8,48,80,363,2026,20.1,0.582,0.517,0.333,0.473,3.9,7.6,28.5,2.5,1.2,13.3,24.7,117.0,101,,1.6,3.6,0.211
88,Natisha Hiedeman,SEA,G,39,1166,39,205,472,0.434,70,215,0.326,135,257,0.525,96,111,0.865,10,99,185,40,5,88,66,576,2026,15.3,0.553,0.508,0.456,0.235,1.0,4.8,28.5,1.7,0.4,14.5,22.8,107.0,114,,0.7,2.0,0.067
89,Naz Hillmon,ATL,F,41,1186,39,138,300,0.46,48,157,0.306,90,143,0.629,43,52,0.827,62,189,65,25,16,56,86,367,2026,10.6,0.568,0.54,0.523,0.173,6.0,9.7,8.2,1.0,1.3,14.8,13.5,111.0,108,,1.6,2.8,0.094
90,Myisha Hines-Allen,IND,F,36,496,3,54,111,0.486,8,23,0.348,46,88,0.523,19,31,0.613,22,119,52,17,14,39,74,135,2026,10.5,0.542,0.523,0.207,0.279,5.8,15.0,14.4,1.7,2.4,23.8,14.4,101.0,108,,0.7,0.7,0.059
91,Emese Hof,MIN,C,3,21,0,3,6,0.5,0,0,,3,6,0.5,1,2,0.5,2,5,2,0,0,4,6,7,2026,1.2,0.509,0.5,0.0,0.333,11.6,14.2,13.5,0.0,0.0,36.8,22.8,79.0,111,,0.0,-0.1,-0.114
92,Joyner Holmes,SEA,F,1,15,0,1,4,0.25,0,1,0.0,1,3,0.333,0,0,,1,5,1,0,3,2,1,2,2026,5.7,0.25,0.25,0.25,0.0,7.5,19.0,10.0,0.0,18.7,33.3,17.4,51.0,100,,0.0,-0.1,-0.16
93,Mackenzie Holmes,SEA,F,28,283,0,31,56,0.554,6,13,0.462,25,43,0.581,12,17,0.706,28,83,15,18,6,13,39,80,2026,15.7,0.63,0.607,0.232,0.304,11.2,16.7,8.5,3.2,2.0,17.0,11.8,120.0,105,,0.5,1.0,0.143
94,Jordan Horston,SEA,F,36,628,22,64,173,0.37,13,59,0.22,51,114,0.447,25,37,0.676,33,127,47,37,18,44,63,166,2026,9.3,0.439,0.408,0.341,0.214,5.9,11.5,11.9,2.9,2.7,18.9,16.2,87.0,107,,1.0,-0.1,-0.004
95,Natasha Howard,MIN,F,42,1217,42,255,429,0.594,3,16,0.188,252,413,0.61,111,155,0.716,143,323,139,70,41,107,147,624,2026,23.3,0.628,0.598,0.037,0.361,14.3,15.8,17.9,2.9,3.3,17.7,21.8,120.0,103,,2.6,6.5,0.213
96,Rhyne Howard,ATL,G,41,1400,41,239,587,0.407,132,364,0.363,107,223,0.48,129,148,0.872,29,155,153,96,37,56,117,739,2026,19.2,0.567,0.52,0.62,0.252,2.4,6.7,17.7,3.4,2.5,7.9,21.3,120.0,103,,3.0,7.0,0.199
97,Lexie Hull,IND,G,42,792,39,80,185,0.432,33,94,0.351,47,91,0.516,29,35,0.829,37,128,29,23,7,30,109,222,2026,8.8,0.554,0.522,0.508,0.189,6.1,10.1,5.0,1.4,0.8,13.0,12.7,110.0,112,,0.6,1.3,0.067
98,Sabrina Ionescu,NYL,G,29,872,28,144,365,0.395,56,189,0.296,88,176,0.5,86,97,0.887,21,114,143,23,9,81,50,430,2026,14.7,0.527,0.471,0.518,0.266,3.1,7.9,26.8,1.3,0.9,16.6,25.0,105.0,111,,0.9,1.6,0.072
99,Kiki Iriafen,WAS,F,39,1104,39,234,452,0.518,15,43,0.349,219,409,0.535,123,189,0.651,121,374,60,27,16,67,127,606,2026,20.4,0.566,0.534,0.095,0.418,13.8,20.4,10.5,1.3,1.4,11.1,24.4,114.0,103,,2.4,4.9,0.177
100,Ashlon Jackson,CON,G,17,220,0,18,55,0.327,10,40,0.25,8,15,0.533,0,2,0.0,2,21,12,8,1,7,15,46,2026,4.8,0.412,0.418,0.727,0.036,1.0,5.8,8.5,1.8,0.4,11.1,12.6,84.0,114,,0.1,-0.2,-0.034
101,Rickea Jackson,CHI,F,4,118,4,24,60,0.4,6,21,0.286,18,39,0.462,18,22,0.818,4,19,8,1,7,8,7,72,2026,16.1,0.517,0.45,0.35,0.367,3.8,9.3,12.1,0.4,5.1,10.3,28.6,100.0,111,,0.1,0.1,0.031
102,Aziaha James,DAL,G,37,440,2,82,212,0.387,15,60,0.25,67,152,0.441,50,67,0.746,22,88,45,35,9,28,56,229,2026,16.7,0.474,0.422,0.283,0.316,6.0,11.8,16.0,4.0,1.8,10.4,27.3,99.0,102,,1.0,0.9,0.081
103,Gabriela Jaquez,CHI,G,37,718,16,92,217,0.424,16,65,0.246,76,152,0.5,52,63,0.825,26,109,31,26,2,43,54,252,2026,9.2,0.515,0.461,0.3,0.29,4.1,8.7,6.8,1.8,0.2,14.9,17.4,95.0,112,,0.6,0.2,0.01
104,Justė Jocytė,GSV,G-F,16,129,0,17,46,0.37,11,26,0.423,6,20,0.3,5,6,0.833,4,12,17,3,1,11,12,50,2026,10.2,0.514,0.489,0.565,0.13,3.7,5.7,22.4,1.2,0.8,18.4,21.4,100.0,106,,0.2,0.2,0.063
105,Marine Johannes,NYL,G,39,798,18,115,273,0.421,86,219,0.393,29,54,0.537,22,26,0.846,15,80,93,31,5,64,59,338,2026,13.1,0.594,0.579,0.802,0.095,2.4,6.0,18.4,2.0,0.6,18.4,19.5,107.0,110,,0.9,1.6,0.079
106,Flau'jae Johnson,SEA,G,41,1169,41,213,532,0.4,60,198,0.303,153,334,0.458,119,149,0.799,46,196,119,57,29,105,114,605,2026,14.4,0.506,0.457,0.372,0.28,4.5,9.6,18.5,2.4,2.3,14.9,26.2,97.0,109,,1.4,0.7,0.025
107,Raven Johnson,IND,G,37,394,0,47,116,0.405,11,47,0.234,36,69,0.522,9,12,0.75,18,63,42,12,5,28,46,114,2026,8.4,0.47,0.453,0.405,0.103,6.0,10.0,14.8,1.5,1.1,18.8,16.6,96.0,112,,0.3,0.1,0.013
108,Brionna Jones,ATL,F,9,152,0,27,52,0.519,1,6,0.167,26,46,0.565,19,21,0.905,18,50,18,3,6,9,22,74,2026,21.8,0.604,0.529,0.115,0.404,13.6,19.9,19.4,1.0,3.8,12.8,19.5,127.0,104,,0.3,0.9,0.232
109,Jonquel Jones,NYL,C,41,1159,41,203,410,0.495,75,189,0.397,128,221,0.579,116,141,0.823,83,364,105,25,47,88,121,597,2026,20.7,0.632,0.587,0.461,0.344,9.1,18.9,15.1,1.1,3.6,15.7,21.6,119.0,105,,2.1,5.4,0.186
110,Dorka Juhász,MIN,F,19,278,0,27,68,0.397,14,46,0.304,13,22,0.591,1,4,0.25,7,52,23,5,12,10,17,69,2026,10.3,0.495,0.5,0.676,0.059,3.1,11.1,11.0,0.9,4.2,12.5,12.6,104.0,107,,0.4,0.5,0.078
111,Laura Juškaitė,TOR,F,42,1058,34,163,341,0.478,41,131,0.313,122,210,0.581,93,115,0.809,46,176,70,52,10,85,139,460,2026,13.5,0.587,0.538,0.384,0.337,5.2,10.1,11.3,2.5,0.9,17.8,19.9,106.0,117,,0.1,0.9,0.034
112,Teonni Key,TOR,F,37,391,1,31,83,0.373,3,20,0.15,28,63,0.444,11,22,0.5,31,72,18,16,18,19,50,76,2026,7.7,0.41,0.392,0.241,0.265,9.5,11.2,6.9,2.1,4.3,17.0,12.6,90.0,117,,0.1,-0.3,-0.033
113,Liatu King,MIN,F,10,76,0,11,18,0.611,2,6,0.333,9,12,0.75,4,10,0.4,8,23,0,3,4,5,13,28,2026,15.0,0.625,0.667,0.333,0.556,12.8,18.0,0.0,2.0,5.2,18.2,15.9,109.0,102,,0.2,0.2,0.126
114,Gianna Kneepkens,CON,G,34,323,5,38,105,0.362,12,55,0.218,26,50,0.52,22,23,0.957,14,43,15,6,3,8,49,110,2026,8.2,0.478,0.419,0.524,0.219,5.0,8.1,7.7,0.9,0.9,6.5,16.8,103.0,116,,0.1,0.2,0.026
115,Sika Koné,ATL,F,34,173,1,21,61,0.344,6,29,0.207,15,32,0.469,15,21,0.714,14,36,7,2,0,9,34,63,2026,6.3,0.448,0.393,0.475,0.344,9.3,12.6,6.1,0.6,0.0,11.4,19.3,98.0,110,,0.2,0.1,0.033
116,Anastasiia Kosu,MIN,F,30,307,0,39,82,0.476,2,3,0.667,37,79,0.468,28,33,0.848,35,59,20,17,12,19,37,108,2026,16.0,0.559,0.488,0.037,0.402,13.9,11.4,9.0,2.8,3.8,16.4,16.5,115.0,106,,0.5,1.1,0.145
117,Awak Kuier,DAL,F,39,705,24,88,177,0.497,26,74,0.351,62,103,0.602,35,49,0.714,29,151,40,21,64,38,68,237,2026,15.7,0.597,0.571,0.418,0.277,4.9,12.7,8.1,1.5,8.2,16.1,15.0,109.0,103,,1.5,2.2,0.124
118,Leïla Lacan,CON,G,28,794,28,125,291,0.43,32,96,0.333,93,195,0.477,47,65,0.723,15,52,129,47,9,62,79,329,2026,13.4,0.515,0.485,0.33,0.223,2.2,4.0,28.8,3.0,1.1,16.2,21.1,100.0,112,,0.6,0.6,0.031
119,Kitija Laksa,DAL,G,2,24,0,5,13,0.385,2,7,0.286,3,6,0.5,0,0,,3,6,0,0,1,2,5,12,2026,8.4,0.462,0.462,0.538,0.0,15.0,14.8,0.0,0.0,3.7,13.3,27.9,88.0,111,,0.0,0.0,-0.051
120,Charlisse Leger-Walker,CON,G,42,997,30,107,286,0.374,42,125,0.336,65,161,0.404,47,60,0.783,13,102,157,34,11,77,95,303,2026,9.2,0.485,0.448,0.437,0.21,1.5,6.2,25.6,1.7,1.0,19.8,17.2,95.0,114,,0.6,-0.2,-0.006
121,Carla Leite,POR,G,38,986,37,183,395,0.463,36,90,0.4,147,305,0.482,206,240,0.858,23,81,239,25,2,127,98,608,2026,20.0,0.607,0.509,0.228,0.608,2.9,5.2,42.7,1.3,0.2,20.2,28.6,115.0,120,,-0.2,2.9,0.116
122,Kyara Linskens,PHO,C,19,202,1,19,58,0.328,7,26,0.269,12,32,0.375,12,17,0.706,13,45,12,10,14,11,30,57,2026,10.6,0.435,0.388,0.448,0.293,7.8,13.7,9.4,2.5,6.8,14.4,17.1,91.0,105,,0.4,0.1,0.026
123,Darianna Littlepage-Buggs,WAS,G-F,4,7,0,2,3,0.667,1,1,1.0,1,2,0.5,0,0,,0,1,0,0,0,0,0,5,2026,27.5,0.833,0.833,0.333,0.0,0.0,8.6,0.0,0.0,0.0,0.0,19.1,155.0,110,,0.0,0.0,0.248
124,Jewell Loyd,LVA,G,40,1043,3,99,282,0.351,65,202,0.322,34,80,0.425,41,51,0.804,19,92,57,44,5,36,89,304,2026,8.2,0.499,0.466,0.716,0.181,2.2,5.3,7.5,2.1,0.4,10.6,14.7,100.0,110,,1.2,1.1,0.043
125,Marina Mabrey,TOR,G,32,944,32,218,494,0.441,105,273,0.385,113,221,0.511,126,143,0.881,17,105,118,29,12,99,84,667,2026,19.7,0.599,0.548,0.553,0.289,2.2,6.7,24.5,1.5,1.2,15.1,30.6,110.0,120,,-0.3,1.5,0.065
126,Natasha Mack,PHO,F-C,34,767,25,125,207,0.604,2,9,0.222,123,198,0.621,44,55,0.8,77,230,40,29,42,31,83,296,2026,20.2,0.64,0.609,0.043,0.266,12.2,18.4,9.3,1.9,5.4,11.8,15.5,125.0,106,,1.3,3.4,0.178
127,Ezi Magbegor,SEA,F-C,14,286,9,37,93,0.398,8,26,0.308,29,67,0.433,14,16,0.875,7,56,25,11,17,15,35,96,2026,11.9,0.48,0.441,0.28,0.172,2.8,11.2,14.5,1.9,5.6,13.0,17.5,96.0,107,,0.4,0.3,0.042
128,Taina Mair,SEA,G,10,51,0,4,19,0.211,3,9,0.333,1,10,0.1,2,2,1.0,2,4,5,0,1,4,7,13,2026,-0.9,0.327,0.289,0.474,0.105,4.4,4.5,15.0,0.0,1.8,16.8,20.4,72.0,118,,0.0,-0.2,-0.167
129,Dominique Malonga,SEA,C,34,891,33,226,468,0.483,21,76,0.276,205,392,0.523,98,129,0.76,85,299,58,35,47,91,96,571,2026,21.4,0.544,0.505,0.162,0.276,10.8,19.1,13.6,2.0,4.9,14.8,30.1,101.0,105,,1.7,1.8,0.08
130,Morgan Maly,CHI,F,3,29,0,2,6,0.333,2,5,0.4,0,1,0.0,4,4,1.0,0,6,0,0,0,0,4,10,2026,9.9,0.644,0.5,0.833,0.667,0.0,11.9,0.0,0.0,0.0,0.0,11.6,136.0,113,,0.0,0.1,0.135
131,Rayah Marshall,CON,C-F,4,27,0,2,8,0.25,0,0,,2,8,0.25,4,6,0.667,4,6,1,0,1,3,2,8,2026,4.8,0.376,0.25,0.0,0.75,17.0,13.5,5.7,0.0,3.5,22.0,22.2,79.0,117,,0.0,-0.1,-0.137
132,Kate Martin,LAS,G,17,120,0,13,35,0.371,8,26,0.308,5,9,0.556,5,8,0.625,5,19,6,5,3,3,15,39,2026,10.6,0.506,0.486,0.743,0.229,5.0,9.5,7.4,2.0,2.3,7.2,15.2,105.0,112,,0.1,0.2,0.055
133,Kayla McBride,MIN,G,42,1370,42,245,537,0.456,120,293,0.41,125,244,0.512,143,155,0.923,25,130,93,71,10,54,81,753,2026,19.2,0.622,0.568,0.546,0.289,2.2,5.7,10.2,2.6,0.7,8.2,21.2,125.0,108,,2.0,6.6,0.192
134,Teaira McCowan,MIN,C,10,68,0,7,15,0.467,0,0,,7,15,0.467,0,3,0.0,5,24,3,1,5,6,19,14,2026,5.4,0.429,0.467,0.0,0.2,9.0,21.0,5.9,0.7,7.2,26.9,14.4,78.0,101,,0.2,0.0,0.003
135,Aari McDonald,MIN,G,1,5,0,1,2,0.5,0,0,,1,2,0.5,2,2,1.0,0,0,0,0,0,2,1,4,2026,1.8,0.694,0.5,0.0,1.0,0.0,0.0,0.0,0.0,0.0,41.0,42.9,80.0,117,,0.0,0.0,-0.241
136,Cotie McMahon,WAS,G,40,777,6,86,218,0.394,22,77,0.286,64,141,0.454,60,98,0.612,20,116,76,21,6,42,77,254,2026,9.6,0.486,0.445,0.353,0.45,3.2,9.0,15.8,1.4,0.7,13.9,17.4,101.0,106,,1.3,1.3,0.069
137,Jade Melbourne,SEA,G,41,1010,32,124,284,0.437,31,103,0.301,93,181,0.514,97,125,0.776,16,89,156,37,9,73,119,376,2026,12.2,0.555,0.491,0.363,0.44,1.8,5.0,25.3,1.8,0.8,17.7,17.8,107.0,114,,0.6,1.6,0.062
138,Olivia Miles,MIN,G,40,1239,40,279,567,0.492,64,165,0.388,215,402,0.535,168,193,0.87,23,186,238,52,25,123,119,790,2026,22.7,0.606,0.549,0.291,0.34,2.3,8.9,30.9,2.1,2.0,15.9,27.5,117.0,106,,2.1,6.2,0.199
139,Nikolina Milic,TOR,C,7,63,1,9,19,0.474,0,2,0.0,9,17,0.529,3,4,0.75,2,9,3,0,0,5,7,21,2026,5.4,0.506,0.474,0.105,0.211,3.8,8.7,7.9,0.0,0.0,19.4,18.0,89.0,124,,-0.1,-0.1,-0.088
140,Diamond Miller,CON,F,41,924,41,130,357,0.364,49,151,0.325,81,206,0.393,89,111,0.802,15,108,58,28,8,60,132,401,2026,8.5,0.494,0.433,0.423,0.311,1.9,7.1,10.8,1.5,0.8,12.9,22.2,94.0,114,,0.5,-0.3,-0.014
141,Kelsey Mitchell,IND,G,42,1382,42,372,723,0.515,131,287,0.456,241,436,0.553,181,214,0.846,21,70,116,45,5,72,101,1056,2026,23.8,0.646,0.605,0.397,0.296,2.0,3.2,14.7,1.6,0.3,8.1,28.2,126.0,115,,0.6,7.2,0.207
142,Tonie Morgan,LAS,G,10,159,1,19,37,0.514,2,8,0.25,17,29,0.586,10,14,0.714,2,12,26,10,1,17,17,50,2026,10.8,0.579,0.541,0.216,0.378,1.5,4.5,24.5,3.1,0.6,28.3,16.6,98.0,112,,0.1,0.1,0.02
143,Olivia Nelson-Ododa,CON,C,33,700,23,125,217,0.576,0,2,0.0,125,215,0.581,84,123,0.683,53,194,54,25,26,53,99,334,2026,19.0,0.616,0.576,0.009,0.567,8.7,16.8,14.2,1.8,3.5,16.4,20.4,113.0,109,,0.9,2.2,0.124
144,Indya Nivar,ATL,G,22,67,0,9,20,0.45,3,4,0.75,6,16,0.375,1,13,0.077,4,18,8,5,2,4,16,22,2026,10.7,0.428,0.525,0.2,0.65,6.8,16.3,18.2,3.7,2.9,13.5,18.7,90.0,99,,0.2,0.1,0.053
145,Jovana Nogić,PHO,G,16,323,7,50,119,0.42,32,76,0.421,18,43,0.419,34,38,0.895,7,17,26,10,0,23,36,166,2026,13.5,0.612,0.555,0.639,0.319,2.6,3.2,14.1,1.6,0.0,14.5,22.2,109.0,115,,0.1,0.6,0.07
146,Kia Nurse,TOR,G,41,559,3,64,187,0.342,44,136,0.324,20,51,0.392,46,52,0.885,9,46,41,14,0,20,53,218,2026,9.9,0.519,0.46,0.727,0.278,1.9,5.0,11.7,1.3,0.0,8.7,18.1,108.0,122,,-0.4,0.2,0.012
147,Teja Oblak,POR,G,29,388,1,63,151,0.417,22,60,0.367,41,91,0.451,13,18,0.722,15,46,92,19,1,72,44,161,2026,9.9,0.507,0.49,0.397,0.119,4.9,7.5,40.1,2.5,0.3,31.2,26.7,89.0,116,,0.1,-0.9,-0.088
148,Arike Ogunbowale,DAL,G,42,1256,42,210,519,0.405,73,224,0.326,137,295,0.464,149,168,0.887,34,129,137,42,3,66,96,642,2026,15.6,0.541,0.475,0.432,0.324,3.2,6.1,16.6,1.7,0.2,10.0,23.4,111.0,111,,1.2,3.4,0.11
149,Nneka Ogwumike,LAS,F,41,1264,41,280,543,0.516,57,144,0.396,223,399,0.559,91,106,0.858,74,365,126,48,13,75,68,708,2026,21.5,0.6,0.568,0.265,0.195,7.0,17.4,17.6,1.9,0.9,11.3,23.1,116.0,109,,1.5,4.6,0.147
150,Madina Okot,ATL,C,41,379,2,90,156,0.577,1,9,0.111,89,147,0.605,43,56,0.768,48,138,11,14,12,50,66,224,2026,19.0,0.62,0.58,0.058,0.359,14.5,22.1,5.3,1.8,3.0,21.7,25.7,104.0,102,,0.9,1.1,0.114
151,Lucy Olsen,WAS,G,21,143,0,19,44,0.432,8,21,0.381,11,23,0.478,9,11,0.818,1,11,18,4,1,11,18,55,2026,10.5,0.563,0.523,0.477,0.25,0.9,4.6,21.1,1.4,0.7,18.4,18.7,106.0,108,,0.2,0.3,0.086
152,Michaela Onyenwere,WAS,F,38,950,38,112,257,0.436,54,136,0.397,58,121,0.479,60,72,0.833,53,100,65,16,6,64,98,338,2026,10.2,0.585,0.541,0.529,0.28,7.0,6.3,11.2,0.9,0.6,18.1,16.6,109.0,110,,1.1,2.1,0.087
153,Ugonne Onyiah,IND,F-C,1,1,0,0,0,,0,0,,0,0,,0,0,,0,0,0,0,0,0,0,0,2026,0.0,,,,,0.0,0.0,0.0,0.0,0.0,,0.0,,120,,0.0,0.0,-0.011
154,Charisma Osborne,POR,G,2,31,0,5,11,0.455,2,4,0.5,3,7,0.429,6,7,0.857,1,2,3,2,0,2,2,18,2026,20.8,0.639,0.545,0.364,0.636,4.0,4.1,16.3,3.3,0.0,12.4,23.3,124.0,116,,0.0,0.1,0.16
155,Te-Hina PaoPao,ATL,G,33,385,1,44,121,0.364,29,78,0.372,15,43,0.349,9,10,0.9,5,26,44,6,3,17,37,126,2026,8.2,0.502,0.483,0.645,0.083,1.5,4.1,16.9,0.8,0.7,11.9,15.6,107.0,111,,0.4,0.7,0.068
156,Cheyenne Parker-Tyus,LVA,F,29,324,1,54,103,0.524,9,17,0.529,45,86,0.523,44,56,0.786,30,88,19,13,21,17,53,161,2026,21.6,0.631,0.568,0.165,0.544,11.4,16.3,9.0,2.0,5.8,11.8,20.1,124.0,103,,0.7,1.8,0.222
157,Jihyun Park,LAS,G,34,311,0,27,67,0.403,9,33,0.273,18,34,0.529,12,21,0.571,10,34,18,14,1,10,38,75,2026,7.3,0.492,0.47,0.493,0.313,3.9,6.6,8.3,2.2,0.3,11.6,12.2,101.0,114,,0.2,0.2,0.023
158,Alissa Pili,LAS,F,5,40,0,4,12,0.333,2,4,0.5,2,8,0.25,0,2,0.0,5,11,4,1,0,4,7,10,2026,4.9,0.388,0.417,0.333,0.167,15.0,16.6,14.5,1.2,0.0,23.7,18.5,83.0,114,,0.0,-0.1,-0.078
159,Justine Pissott,LVA,G-F,10,87,0,13,36,0.361,10,27,0.37,3,9,0.333,2,2,1.0,0,10,4,2,3,3,13,38,2026,9.9,0.515,0.5,0.75,0.056,0.0,6.9,6.8,1.2,3.1,7.5,20.7,99.0,109,,0.1,0.1,0.043
160,Tima Pouye,TOR,G,19,178,1,19,55,0.345,8,26,0.308,11,29,0.379,14,18,0.778,6,16,22,4,0,14,32,60,2026,6.2,0.477,0.418,0.473,0.327,4.1,5.4,19.5,1.1,0.0,18.2,19.1,96.0,123,,-0.1,-0.2,-0.051
161,Ashten Prechtel,GSV,F,6,43,0,3,9,0.333,2,6,0.333,1,3,0.333,3,3,1.0,2,11,3,1,4,7,11,11,2026,4.8,0.533,0.444,0.667,0.333,5.5,15.6,10.7,1.2,9.7,40.4,18.7,75.0,95,,0.1,0.0,-0.009
162,Cassandre Prosper,WAS,G,37,363,2,31,101,0.307,8,42,0.19,23,59,0.39,9,18,0.5,24,38,17,9,3,22,63,79,2026,1.2,0.363,0.347,0.416,0.178,8.3,6.3,7.3,1.3,0.8,16.8,16.1,80.0,109,,0.5,-0.4,-0.044
163,Nyadiew Puoch,POR,F,42,775,28,68,186,0.366,22,90,0.244,46,96,0.479,23,36,0.639,34,91,32,30,6,27,95,181,2026,6.1,0.448,0.425,0.484,0.194,5.5,7.4,6.2,2.0,0.8,11.8,13.2,95.0,117,,0.1,-0.3,-0.017
164,JJ Quinerly,DAL,G,2,12,0,1,3,0.333,0,1,0.0,1,2,0.5,0,0,,0,1,2,0,1,0,0,2,2026,10.4,0.333,0.333,0.333,0.0,0.0,4.9,22.5,0.0,7.5,0.0,11.2,100.0,110,,0.0,0.0,0.045
165,Angel Reese,ATL,F,41,1284,41,241,533,0.452,11,53,0.208,230,480,0.479,188,259,0.726,201,505,115,74,31,133,154,681,2026,20.7,0.526,0.462,0.099,0.486,17.9,23.8,14.9,2.9,2.3,17.1,25.6,107.0,100,,3.2,4.8,0.151
166,Kiki Rice,TOR,G,26,697,18,115,240,0.479,23,66,0.348,92,174,0.529,85,99,0.859,29,92,88,19,5,46,78,338,2026,16.5,0.596,0.527,0.275,0.413,5.0,8.0,21.9,1.4,0.7,14.0,20.9,118.0,121,,-0.3,1.5,0.086
167,Saniya Rivers,CON,G,38,856,18,103,300,0.343,13,76,0.171,90,224,0.402,45,75,0.6,17,96,116,41,25,51,67,264,2026,8.9,0.396,0.365,0.253,0.25,2.3,6.8,22.5,2.4,2.8,13.3,19.7,86.0,111,,0.8,-0.9,-0.043
168,Mercedes Russell,IND,C,7,68,0,2,8,0.25,0,0,,2,8,0.25,7,10,0.7,1,8,4,4,0,1,11,11,2026,6.2,0.444,0.25,0.0,1.25,1.9,7.4,7.3,2.9,0.0,7.5,8.6,108.0,110,,0.1,0.1,0.064
169,Nyara Sabally,TOR,F,24,573,20,108,205,0.527,20,51,0.392,88,154,0.571,59,82,0.72,43,126,41,24,21,38,65,295,2026,19.8,0.612,0.576,0.249,0.4,9.0,13.3,12.9,2.1,3.4,13.6,21.5,116.0,116,,0.2,1.5,0.107
170,Satou Sabally,NYL,F,13,218,5,45,98,0.459,20,52,0.385,25,46,0.543,25,29,0.862,5,36,25,1,2,22,34,135,2026,15.9,0.609,0.561,0.531,0.296,2.9,9.9,20.1,0.2,0.8,16.6,27.2,110.0,112,,0.2,0.6,0.105
171,Janelle Salaün,GSV,F,38,849,0,159,374,0.425,92,232,0.397,67,142,0.472,82,101,0.812,40,148,46,23,4,30,81,492,2026,19.2,0.588,0.548,0.62,0.27,5.6,10.6,10.2,1.5,0.5,6.7,24.5,119.0,103,,1.8,4.3,0.205
172,Karlie Samuelson,POR,G,31,494,3,44,120,0.367,31,101,0.307,13,19,0.684,33,37,0.892,15,47,25,17,3,11,56,152,2026,10.0,0.558,0.496,0.842,0.308,3.8,6.0,7.6,1.8,0.6,7.5,13.4,118.0,118,,0.0,0.8,0.062
173,Katie Lou Samuelson,SEA,G,32,491,1,47,116,0.405,26,81,0.321,21,35,0.6,22,28,0.786,12,67,26,26,3,15,30,142,2026,11.3,0.553,0.517,0.698,0.241,2.8,7.8,8.3,2.6,0.6,10.5,12.7,110.0,110,,0.5,0.9,0.075
174,Madison Scott,NYL,G-F,1,4,0,2,2,1.0,0,0,,2,2,1.0,0,1,0.0,0,0,1,0,0,0,0,4,2026,44.4,0.82,1.0,0.0,0.5,0.0,0.0,90.5,0.0,0.0,0.0,27.2,156.0,118,,0.0,0.0,0.321
175,Shyanne Sellers,LAS,G,2,21,0,1,6,0.167,1,2,0.5,0,4,0.0,1,2,0.5,0,2,2,2,0,1,4,4,2026,1.7,0.291,0.25,0.333,0.333,0.0,5.7,12.9,4.7,0.0,12.7,16.5,67.0,108,,0.0,-0.1,-0.096
176,Jacy Sheldon,CHI,G,42,871,18,95,224,0.424,35,113,0.31,60,111,0.541,41,48,0.854,16,57,71,35,11,40,102,266,2026,8.9,0.543,0.502,0.504,0.214,2.1,3.8,12.4,2.0,1.1,14.0,14.2,103.0,113,,0.6,0.8,0.039
177,Jessica Shepard,DAL,F,40,1265,40,234,404,0.579,1,11,0.091,233,393,0.593,102,148,0.689,112,437,205,29,3,77,82,571,2026,22.4,0.609,0.58,0.027,0.366,10.6,20.5,25.3,1.2,0.2,14.1,19.3,124.0,106,,2.1,6.6,0.209
178,Maddy Siegrist,DAL,F,39,561,8,97,201,0.483,31,76,0.408,66,125,0.528,23,27,0.852,33,103,35,16,15,11,67,248,2026,17.1,0.582,0.56,0.378,0.134,7.0,10.9,9.6,1.5,2.4,4.9,17.8,123.0,108,,0.8,2.3,0.162
179,Odyssey Sims,DAL,G,33,470,11,54,141,0.383,15,48,0.313,39,93,0.419,32,38,0.842,4,30,65,16,2,33,38,155,2026,9.2,0.491,0.436,0.34,0.27,1.0,3.8,19.5,1.7,0.4,17.3,18.1,98.0,111,,0.4,0.3,0.024
180,Kamiah Smalls,POR,G,2,30,1,5,10,0.5,4,7,0.571,1,3,0.333,1,1,1.0,0,0,6,0,0,4,2,15,2026,13.8,0.718,0.7,0.7,0.1,0.0,0.0,34.1,0.0,0.0,27.7,21.6,113.0,125,,0.0,0.0,0.042
181,Alanna Smith,DAL,F,32,572,18,75,164,0.457,18,69,0.261,57,95,0.6,25,37,0.676,36,126,33,23,15,38,76,193,2026,11.8,0.535,0.512,0.421,0.226,7.5,13.0,8.3,2.0,2.4,17.4,17.0,101.0,106,,1.0,1.0,0.069
182,NaLyssa Smith,LVA,F,38,925,38,183,287,0.638,1,8,0.125,182,279,0.652,77,134,0.575,84,244,34,24,25,33,121,444,2026,19.8,0.642,0.639,0.028,0.467,11.2,15.8,5.9,1.3,2.4,8.7,18.5,126.0,107,,1.4,4.5,0.193
183,Miela Sowah,GSV,G,7,24,0,1,10,0.1,0,8,0.0,1,2,0.5,0,0,,1,5,0,0,0,4,3,2,2026,-19.8,0.1,0.1,0.8,0.0,4.9,12.7,0.0,0.0,0.0,28.6,27.0,21.0,105,,0.0,-0.3,-0.512
184,Azura Stevens,CHI,F-C,32,784,31,129,303,0.426,28,110,0.255,101,193,0.523,53,68,0.779,42,205,67,27,24,52,95,339,2026,13.8,0.509,0.472,0.363,0.224,6.0,15.0,14.2,1.7,2.6,13.5,21.3,99.0,107,,1.2,1.0,0.049
185,Breanna Stewart,NYL,F,41,1347,41,289,614,0.471,31,121,0.256,258,493,0.523,239,282,0.848,62,334,133,56,54,81,87,848,2026,23.9,0.574,0.496,0.197,0.459,5.9,14.9,17.6,2.1,3.6,9.9,27.1,118.0,104,,2.6,7.0,0.207
186,Kiah Stokes,GSV,C,41,909,41,59,138,0.428,19,67,0.284,40,71,0.563,8,17,0.471,49,229,51,24,72,20,93,145,2026,12.2,0.498,0.496,0.486,0.123,6.4,15.3,8.6,1.4,8.3,12.1,8.4,112.0,96,,2.9,3.5,0.156
187,Marta Suárez,PHO,F,17,153,0,22,45,0.489,5,15,0.333,17,30,0.567,9,14,0.643,8,22,7,4,1,11,34,58,2026,8.2,0.567,0.544,0.333,0.311,6.4,8.8,7.9,1.3,0.6,17.7,18.4,99.0,113,,0.1,0.1,0.02
188,Brittney Sykes,TOR,G,17,500,17,102,244,0.418,16,62,0.258,86,182,0.473,96,107,0.897,16,59,57,20,8,36,41,316,2026,19.0,0.543,0.451,0.254,0.439,3.9,7.1,21.2,2.0,1.5,11.0,28.8,110.0,119,,-0.1,0.9,0.069
189,Stephanie Talbot,LVA,F,42,708,41,58,131,0.443,20,73,0.274,38,58,0.655,12,18,0.667,32,108,46,26,12,30,67,148,2026,8.8,0.533,0.519,0.557,0.137,5.6,9.2,8.8,1.8,1.5,17.8,10.8,105.0,109,,0.9,1.2,0.067
190,Sydney Taylor,CHI,G,35,713,24,166,390,0.426,68,208,0.327,98,182,0.538,70,90,0.778,12,55,65,24,8,54,90,470,2026,15.1,0.547,0.513,0.533,0.231,1.9,4.4,17.1,1.6,1.0,11.2,29.5,101.0,113,,0.5,0.5,0.03
191,Taylor Thierry,SEA,G-F,16,153,0,10,30,0.333,5,15,0.333,5,15,0.333,5,6,0.833,14,28,6,3,0,3,14,30,2026,7.7,0.46,0.417,0.5,0.2,10.4,10.4,5.9,1.0,0.0,8.4,10.2,110.0,115,,0.1,0.2,0.043
192,Alyssa Thomas,PHO,F,40,1334,40,221,423,0.522,1,3,0.333,220,420,0.524,135,196,0.689,66,310,337,55,19,141,104,578,2026,19.9,0.568,0.524,0.007,0.463,6.0,14.3,45.1,2.1,1.4,21.7,22.1,111.0,109,,1.8,4.2,0.126
193,Kayla Thornton,GSV,F,42,1018,42,105,291,0.361,64,183,0.35,41,108,0.38,52,57,0.912,54,189,29,28,9,26,82,326,2026,11.1,0.516,0.471,0.629,0.196,6.3,11.3,4.6,1.5,0.9,7.6,15.6,110.0,103,,2.2,3.2,0.126
194,Makayla Timpson,IND,F-C,41,788,12,97,150,0.647,0,0,,97,150,0.647,39,58,0.672,64,201,22,25,33,31,84,233,2026,15.0,0.664,0.647,0.0,0.387,10.7,16.0,3.9,1.6,3.6,15.0,11.5,127.0,109,,1.1,2.8,0.143
195,Brianna Turner,LVA,F-C,39,516,5,30,53,0.566,0,0,,30,53,0.566,2,2,1.0,21,87,8,11,22,25,58,62,2026,5.4,0.575,0.566,0.0,0.038,5.0,10.1,2.0,1.1,3.8,31.7,6.9,90.0,108,,0.7,0.4,0.034
196,Courtney Vandersloot,CHI,G,25,552,22,80,181,0.442,22,58,0.379,58,123,0.472,50,64,0.781,10,73,131,29,7,53,41,232,2026,16.7,0.555,0.503,0.32,0.354,2.0,7.6,38.3,2.6,1.1,20.2,20.6,106.0,110,,0.7,1.2,0.086
197,Hailey Van Lith,CON,G,21,321,3,42,104,0.404,12,35,0.343,30,69,0.435,12,14,0.857,6,27,39,15,4,23,27,108,2026,9.9,0.49,0.462,0.337,0.135,2.1,5.1,20.6,2.4,1.2,17.3,18.2,94.0,113,,0.2,0.0,-0.005
198,Julie Vanloo,NYL,G,5,81,0,9,17,0.529,7,14,0.5,2,3,0.667,4,4,1.0,1,10,27,2,0,12,11,29,2026,16.1,0.773,0.735,0.824,0.235,1.6,7.4,50.1,1.2,0.0,39.0,16.9,121.0,111,,0.1,0.3,0.164
199,Costanza Verona,DAL,G,1,6,0,2,2,1.0,0,0,,2,2,1.0,0,0,,0,0,2,0,0,0,0,4,2026,38.9,1.0,1.0,0.0,0.0,0.0,0.0,67.9,0.0,0.0,0.0,14.9,206.0,117,,0.0,0.1,0.5
200,Erica Wheeler,LAS,G,41,1081,39,133,331,0.402,57,176,0.324,76,155,0.49,41,47,0.872,9,76,207,37,4,76,111,364,2026,10.7,0.518,0.488,0.532,0.142,1.0,4.2,28.8,1.7,0.3,17.8,17.3,104.0,116,,0.3,0.8,0.03
201,Sami Whitcomb,PHO,G,19,332,8,32,99,0.323,25,77,0.325,7,22,0.318,12,12,1.0,6,32,42,12,2,22,37,101,2026,8.0,0.484,0.449,0.778,0.121,2.2,5.9,20.1,1.8,0.6,17.4,17.2,95.0,113,,0.2,0.0,0.0
202,Christyn Williams,DAL,G,2,11,0,0,4,0.0,0,1,0.0,0,3,0.0,1,2,0.5,0,2,1,0,1,0,0,1,2026,-3.1,0.102,0.0,0.25,0.5,0.0,10.8,11.0,0.0,8.2,0.0,19.8,38.0,106,,0.0,-0.1,-0.257
203,Courtney Williams,MIN,G,41,1251,41,245,544,0.45,48,130,0.369,197,414,0.476,43,52,0.827,35,201,174,48,11,71,90,581,2026,15.7,0.512,0.494,0.239,0.096,3.4,9.6,21.3,1.9,0.9,11.1,22.4,108.0,107,,1.9,3.4,0.109
204,Elizabeth Williams,CHI,C-F,42,699,1,86,186,0.462,0,0,,86,186,0.462,41,91,0.451,52,145,55,25,37,33,54,213,2026,12.7,0.471,0.462,0.0,0.489,8.4,11.9,12.3,1.7,4.6,12.7,16.1,99.0,109,,0.9,0.8,0.045
205,Gabby Williams,GSV,F,37,917,37,190,467,0.407,64,185,0.346,126,282,0.447,85,117,0.726,24,122,81,61,6,58,48,529,2026,17.9,0.51,0.475,0.396,0.251,3.1,8.1,17.2,3.6,0.7,10.1,29.1,102.0,99,,2.5,2.8,0.121
206,Peyton Williams,PHO,F,1,6,0,0,1,0.0,0,0,,0,1,0.0,0,0,,0,0,2,0,1,0,0,0,2026,11.3,0.0,0.0,0.0,0.0,0.0,0.0,45.9,0.0,16.5,0.0,7.5,86.0,110,,0.0,0.0,0.005
207,Serah Williams,POR,F,38,504,3,67,122,0.549,1,2,0.5,66,120,0.55,32,52,0.615,35,105,18,19,16,30,73,167,2026,12.2,0.576,0.553,0.016,0.426,8.7,13.2,5.8,1.9,3.1,17.2,15.6,106.0,113,,0.3,0.6,0.05
208,A'ja Wilson,LVA,C,39,1244,39,355,674,0.527,36,90,0.4,319,584,0.546,275,318,0.865,69,364,126,57,77,93,73,1021,2026,32.6,0.627,0.553,0.134,0.472,6.8,17.6,18.9,2.3,5.6,10.3,32.9,122.0,101,,3.0,9.0,0.291
209,Ally Wilson,WAS,G,4,58,0,4,15,0.267,2,11,0.182,2,4,0.5,2,3,0.667,5,7,3,0,1,2,7,12,2026,3.5,0.368,0.333,0.733,0.2,10.8,7.3,7.8,0.0,1.6,10.9,14.1,92.0,112,,0.1,0.0,0.004
210,Holly Winterburn,POR,G,29,325,1,42,107,0.393,10,53,0.189,32,54,0.593,22,24,0.917,10,40,51,16,1,31,32,116,2026,10.9,0.493,0.439,0.495,0.224,3.9,7.8,25.1,2.5,0.3,20.9,20.5,97.0,116,,0.1,-0.1,-0.007
211,Han Xu,NYL,C,42,581,2,100,196,0.51,36,88,0.409,64,108,0.593,28,33,0.848,32,105,30,13,27,19,40,264,2026,18.4,0.627,0.602,0.449,0.168,7.0,10.9,8.5,1.1,4.2,8.3,17.6,124.0,108,,0.8,2.4,0.167
212,Mai Yamamoto,LVA,G,12,188,0,21,55,0.382,15,38,0.395,6,17,0.353,9,9,1.0,3,14,19,9,0,6,14,66,2026,12.5,0.56,0.518,0.691,0.164,2.0,4.5,14.3,2.4,0.0,9.2,15.6,116.0,110,,0.2,0.5,0.111
213,Jackie Young,LVA,G,41,1322,41,285,577,0.494,98,251,0.39,187,326,0.574,127,137,0.927,30,177,271,35,11,98,87,795,2026,22.8,0.624,0.579,0.435,0.237,2.8,8.0,33.9,1.3,0.8,13.3,25.1,122.0,110,,1.4,6.7,0.202
214,Li Yueru,DAL,C,31,322,0,29,77,0.377,8,35,0.229,21,42,0.5,39,52,0.75,28,88,13,4,11,19,43,105,2026,11.4,0.526,0.429,0.455,0.675,10.4,16.2,5.5,0.6,3.1,16.0,16.5,106.0,108,,0.5,0.7,0.087
215,Cecilia Zandalasini,GSV,F,35,670,32,114,287,0.397,47,144,0.326,67,143,0.469,34,41,0.829,11,76,62,30,6,48,69,309,2026,12.1,0.506,0.479,0.502,0.143,1.9,6.9,16.8,2.4,0.9,13.6,24.4,98.0,102,,1.5,1.2,0.073
216,Laura Ziegler,LAS,F,3,29,0,3,8,0.375,0,3,0.0,3,5,0.6,2,3,0.667,1,4,3,1,1,0,5,8,2026,10.2,0.429,0.375,0.375,0.375,4.1,8.3,15.1,1.7,3.1,0.0,14.1,109.0,113,,0.0,0.0,0.065
217,Monique Akoa Makani,TOT,G,28,611,17,71,171,0.415,28,72,0.389,43,99,0.434,47,56,0.839,5,50,65,27,8,56,81,217,2026,9.0,0.555,0.497,0.421,0.327,1.0,5.0,17.1,2.2,1.2,22.3,18.5,95.0,112,,0.5,0.1,0.005
218,Chloe Bibby,TOT,F,7,70,0,11,27,0.407,5,17,0.294,6,10,0.6,2,2,1.0,0,4,6,2,3,6,7,29,2026,8.9,0.52,0.5,0.63,0.074,0.0,3.3,14.1,1.4,4.0,17.7,21.1,90.0,111,,0.1,0.0,-0.024
219,DeWanna Bonner,TOT,F-G,40,1069,26,137,345,0.397,47,177,0.266,90,168,0.536,89,105,0.848,33,238,62,44,29,31,65,410,2026,14.9,0.524,0.465,0.513,0.304,3.7,13.7,9.6,2.1,2.7,7.3,17.8,108.0,107,,1.6,2.5,0.095
220,Lexi Held,TOT,G,40,615,10,76,192,0.396,37,96,0.385,39,96,0.406,31,35,0.886,15,44,55,20,5,36,56,220,2026,9.7,0.53,0.492,0.5,0.182,3.0,4.4,14.8,1.6,0.8,14.8,17.9,100.0,115,,0.3,0.2,0.016
221,Haley Jones,TOT,F-G,9,72,0,12,22,0.545,0,3,0.0,12,19,0.632,6,8,0.75,4,16,9,2,0,7,9,30,2026,14.2,0.588,0.545,0.136,0.364,6.8,13.8,20.1,1.4,0.0,21.5,20.2,106.0,114,,0.0,0.1,0.056
222,Betnijah Laney-Hamilton,TOT,G-F,28,464,5,42,112,0.375,15,56,0.268,27,56,0.482,30,37,0.811,8,56,55,10,4,35,39,129,2026,7.9,0.503,0.442,0.5,0.33,2.2,7.3,18.0,1.1,0.8,21.4,15.7,97.0,110,,0.5,0.4,0.031
223,Ta'Niya Latson,TOT,G,18,103,0,15,34,0.441,4,10,0.4,11,24,0.458,22,28,0.786,4,15,7,1,1,12,10,56,2026,13.2,0.604,0.5,0.294,0.824,4.7,8.8,10.5,0.5,0.9,20.6,25.2,103.0,114,,0.1,0.1,0.042
224,Anneli Maley,TOT,F,10,77,0,1,15,0.067,1,6,0.167,0,9,0.0,3,4,0.75,5,12,4,5,1,1,14,6,2026,1.7,0.179,0.1,0.4,0.267,8.3,9.4,6.8,3.3,1.2,5.6,10.3,70.0,107,,0.1,-0.1,-0.026
225,Aneesah Morrow,TOT,F,27,599,10,114,270,0.422,23,84,0.274,91,186,0.489,45,70,0.643,69,224,39,24,13,42,59,296,2026,17.6,0.492,0.465,0.311,0.259,13.4,22.7,12.2,2.0,2.1,12.3,25.2,100.0,109,,0.8,0.7,0.047
226,Ndjakalenga Mwenentanda,TOT,G,6,33,0,1,6,0.167,0,3,0.0,1,3,0.333,4,6,0.667,2,4,3,1,0,4,4,6,2026,0.0,0.347,0.167,0.5,1.0,7.2,7.3,12.5,1.5,0.0,31.6,16.9,70.0,112,,0.0,-0.1,-0.129
227,Aaliyah Nye,TOT,G-F,20,57,0,6,17,0.353,5,13,0.385,1,4,0.25,3,3,1.0,1,6,4,1,1,3,0,20,2026,10.5,0.546,0.5,0.765,0.176,2.1,6.4,10.3,0.9,1.7,14.1,16.0,106.0,111,,0.1,0.1,0.065
228,Amy Okonkwo,TOT,F,5,50,0,9,22,0.409,5,15,0.333,4,7,0.571,3,4,0.75,2,6,1,5,0,2,5,26,2026,16.7,0.547,0.523,0.682,0.182,5.0,7.5,3.5,5.1,0.0,7.8,23.0,105.0,110,,0.1,0.1,0.068
229,Kelsey Plum,TOT,G,17,519,15,126,243,0.519,40,106,0.377,86,137,0.628,74,91,0.813,3,35,91,17,0,48,56,366,2026,21.8,0.647,0.601,0.436,0.374,0.7,4.1,32.8,1.6,0.0,14.5,28.2,117.0,116,,0.2,1.9,0.145
230,Saylor Poffenbarger,TOT,F,7,49,0,1,9,0.111,1,9,0.111,0,0,,0,0,,1,10,1,3,0,1,5,3,2026,0.6,0.167,0.167,1.0,0.0,2.3,12.1,2.7,3.0,0.0,10.0,9.1,43.0,107,,0.1,-0.1,-0.079
231,Jaylyn Sherrod,TOT,G,13,99,1,8,32,0.25,2,7,0.286,6,25,0.24,7,7,1.0,2,12,14,10,2,7,14,25,2026,7.9,0.356,0.281,0.219,0.219,2.3,7.2,20.5,5.0,1.9,16.6,18.1,83.0,101,,0.2,0.0,0.004
232,Sug Sutton,TOT,G,25,257,2,34,74,0.459,7,26,0.269,27,48,0.563,9,14,0.643,2,21,50,9,2,21,21,84,2026,11.6,0.524,0.507,0.351,0.189,1.0,4.9,29.8,1.8,0.7,20.8,17.6,103.0,112,,0.2,0.3,0.043
233,Grace VanSlooten,TOT,F,18,84,0,9,12,0.75,2,3,0.667,7,9,0.778,5,8,0.625,1,10,4,4,4,4,8,25,2026,14.2,0.805,0.833,0.25,0.667,1.3,7.1,7.3,2.4,4.4,20.5,10.1,127.0,109,,0.1,0.3,0.126
234,Shatori Walker-Kimbrough,TOT,G,14,45,0,6,10,0.6,1,1,1.0,5,9,0.556,4,4,1.0,0,5,8,2,0,4,2,17,2026,16.5,0.723,0.65,0.1,0.4,0.0,6.7,28.2,2.2,0.0,25.4,14.8,122.0,108,,0.1,0.2,0.156
235,Maddy Westbeld,TOT,F,8,94,0,5,22,0.227,3,11,0.273,2,11,0.182,4,4,1.0,4,15,5,3,2,7,17,17,2026,1.2,0.358,0.295,0.5,0.182,5.0,9.6,7.7,1.6,2.1,22.8,14.7,71.0,111,,0.1,-0.2,-0.085
236,Kiana Williams,TOT,G,24,310,0,35,100,0.35,19,67,0.284,16,33,0.485,9,12,0.75,1,10,29,9,1,20,26,98,2026,5.4,0.465,0.445,0.67,0.12,0.4,2.0,14.2,1.4,0.3,16.0,17.9,88.0,118,,0.0,-0.5,-0.061
