,Player,Team,Pos,Season,Predicted_Share,WS,PER,USG%,TS%,pts_per_game,ast_per_game,trb_per_game,blk_per_game,stl_per_game
0,A'ja Wilson,LVA,C,2026,0.8970992072432541,9.0,32.6,32.9,0.627,26.17948717948718,3.230769230769231,9.333333333333334,1.9743589743589745,1.4615384615384615
1,Breanna Stewart,NYL,F,2026,0.5382846201796885,7.0,23.9,27.1,0.574,20.682926829268293,3.2439024390243905,8.146341463414634,1.3170731707317074,1.3658536585365855
2,Jackie Young,LVA,G,2026,0.3681381474594958,6.7,22.8,25.1,0.624,19.390243902439025,6.609756097560975,4.317073170731708,0.2682926829268293,0.8536585365853658
3,Kelsey Mitchell,IND,G,2026,0.34854202196161094,7.2,23.8,28.2,0.646,25.142857142857142,2.761904761904762,1.6666666666666667,0.11904761904761904,1.0714285714285714
4,Jessica Shepard,DAL,F,2026,0.19258643603681458,6.6,22.4,19.3,0.609,14.275,5.125,10.925,0.075,0.725
5,Rhyne Howard,ATL,G,2026,0.17836092701596848,7.0,19.2,21.3,0.567,18.024390243902438,3.731707317073171,3.7804878048780486,0.9024390243902439,2.341463414634146
6,Olivia Miles,MIN,G,2026,0.15453380514325657,6.2,22.7,27.5,0.606,19.75,5.95,4.65,0.625,1.3
7,Veronica Burton,GSV,G,2026,0.14614555443201013,7.1,20.4,19.8,0.561,12.047619047619047,5.690476190476191,3.5714285714285716,0.42857142857142855,1.5952380952380953
8,Paige Bueckers,DAL,G,2026,0.14299817163206677,6.2,22.6,26.0,0.607,20.575,5.825,4.1,0.4,0.925
9,Angel Reese,ATL,F,2026,0.14236428467255838,4.8,20.7,25.6,0.526,16.609756097560975,2.8048780487804876,12.317073170731707,0.7560975609756098,1.8048780487804879
10,Caitlin Clark,IND,G,2026,0.13143577611917445,4.9,22.9,32.5,0.607,22.68421052631579,8.447368421052632,3.8684210526315788,0.5,0.9736842105263158
11,Natasha Howard,MIN,F,2026,0.11084239939873473,6.5,23.3,21.8,0.628,14.857142857142858,3.3095238095238093,7.690476190476191,0.9761904761904762,1.6666666666666667
12,Shakira Austin,WAS,C,2026,0.1054418548986311,4.4,20.7,27.4,0.56,17.0,2.5609756097560976,9.365853658536585,1.2926829268292683,0.7317073170731707
13,Kayla McBride,MIN,G,2026,0.10293320409469477,6.6,19.2,21.2,0.622,17.928571428571427,2.2142857142857144,3.0952380952380953,0.23809523809523808,1.6904761904761905
14,Allisha Gray,ATL,G,2026,0.09249836598558897,6.1,18.1,23.0,0.584,19.023809523809526,2.642857142857143,3.4523809523809526,0.35714285714285715,1.3095238095238095
15,Jonquel Jones,NYL,C,2026,0.08822483064281818,5.4,20.7,21.6,0.632,14.560975609756097,2.5609756097560976,8.878048780487806,1.146341463414634,0.6097560975609756
16,Kiki Iriafen,WAS,F,2026,0.07615205240328342,4.9,20.4,24.4,0.566,15.538461538461538,1.5384615384615385,9.58974358974359,0.41025641025641024,0.6923076923076923
17,Kelsey Plum,TOT,G,2026,0.05580180618193383,1.9,21.8,28.2,0.647,21.529411764705884,5.352941176470588,2.0588235294117645,0.0,1.0
18,Alyssa Thomas,PHO,F,2026,0.05421720842314574,4.2,19.9,22.1,0.568,14.45,8.425,7.75,0.475,1.375
19,Sonia Citron,WAS,G,2026,0.0525717338490316,5.8,18.9,21.7,0.618,16.789473684210527,4.421052631578948,3.710526315789474,0.631578947368421,1.1842105263157894
20,Jordin Canada,ATL,G,2026,0.04900190705466706,4.9,16.4,17.4,0.553,11.414634146341463,7.2926829268292686,3.5609756097560976,0.2682926829268293,1.9024390243902438
21,Aliyah Boston,IND,C-F,2026,0.045121271784893634,5.2,24.2,25.2,0.611,16.42105263157895,3.0526315789473686,8.105263157894736,1.263157894736842,1.5
22,Nneka Ogwumike,LAS,F,2026,0.04050946343094267,4.6,21.5,23.1,0.6,17.26829268292683,3.073170731707317,8.902439024390244,0.3170731707317073,1.170731707317073
23,Kahleah Copper,PHO,G-F,2026,0.03722591992329207,1.5,15.7,29.4,0.56,21.31578947368421,1.868421052631579,3.5789473684210527,0.07894736842105263,0.7631578947368421
24,Carla Leite,POR,G,2026,0.03721472400999335,2.9,20.0,28.6,0.607,16.0,6.2894736842105265,2.1315789473684212,0.05263157894736842,0.6578947368421053
25,Kamilla Cardoso,CHI,C,2026,0.034125022599727335,4.6,22.2,23.0,0.598,14.585365853658537,2.4390243902439024,8.634146341463415,1.4878048780487805,0.5853658536585366
26,Dominique Malonga,SEA,C,2026,0.03342021134770971,1.8,21.4,30.1,0.544,16.794117647058822,1.7058823529411764,8.794117647058824,1.3823529411764706,1.0294117647058822
27,Marina Mabrey,TOR,G,2026,0.028665223173806948,1.5,19.7,30.6,0.599,20.84375,3.6875,3.28125,0.375,0.90625
28,Rickea Jackson,CHI,F,2026,0.017209714273795255,0.1,16.1,28.6,0.517,18.0,2.0,4.75,1.75,0.25
29,Brittney Sykes,TOR,G,2026,0.015131953727892472,0.9,19.0,28.8,0.543,18.58823529411765,3.3529411764705883,3.4705882352941178,0.47058823529411764,1.1764705882352942
30,Chelsea Gray,LVA,G,2026,0.009756476771065859,3.1,14.4,18.5,0.559,11.926829268292684,6.682926829268292,3.292682926829268,0.34146341463414637,1.3414634146341464
31,Napheesa Collier,MIN,F,2026,0.00651995525898405,1.9,21.8,24.7,0.604,18.071428571428573,2.7142857142857144,7.214285714285714,1.0,1.3571428571428572
32,Aneesah Morrow,TOT,F,2026,0.005559439665441836,0.7,17.6,25.2,0.492,10.962962962962964,1.4444444444444444,8.296296296296296,0.48148148148148145,0.8888888888888888
33,NaLyssa Smith,LVA,F,2026,0.0042995045163231275,4.5,19.8,18.5,0.642,11.68421052631579,0.8947368421052632,6.421052631578948,0.6578947368421053,0.631578947368421
34,Julie Vanloo,NYL,G,2026,0.003792395572966343,0.3,16.1,16.9,0.773,5.8,5.4,2.0,0.0,0.4
35,Janelle Salaün,GSV,F,2026,0.003443746616797838,4.3,19.2,24.5,0.588,12.947368421052632,1.2105263157894737,3.8947368421052633,0.10526315789473684,0.6052631578947368
36,Skylar Diggins,CHI,G,2026,0.00249153478207488,1.0,15.6,23.1,0.515,14.157894736842104,4.894736842105263,3.1578947368421053,0.5789473684210527,0.9473684210526315
37,Joyner Holmes,SEA,F,2026,0.0024896370664191877,-0.1,5.7,17.4,0.25,2.0,1.0,5.0,3.0,0.0
38,Julie Allemand,TOR,G,2026,0.002093844879566134,1.6,13.5,9.6,0.686,6.225806451612903,5.483870967741935,3.193548387096774,0.3870967741935484,1.3548387096774193
39,Courtney Williams,MIN,G,2026,0.0020422777307702675,3.4,15.7,22.4,0.512,14.170731707317072,4.2439024390243905,4.902439024390244,0.2682926829268293,1.170731707317073
40,Sabrina Ionescu,NYL,G,2026,0.0019489438785838798,1.6,14.7,25.0,0.527,14.827586206896552,4.931034482758621,3.9310344827586206,0.3103448275862069,0.7931034482758621
41,Natasha Cloud,CHI,G,2026,0.0018721960651356263,2.9,14.7,17.1,0.622,11.125,4.825,3.375,0.325,1.05
42,Tiffany Hayes,GSV,G,2026,0.0018498363091654533,3.6,20.1,24.7,0.582,9.075,2.6,2.1,0.2,0.8
43,Azzi Fudd,DAL,G,2026,0.0017781551538125773,2.2,13.9,18.1,0.558,13.1,1.8333333333333333,1.7333333333333334,0.8333333333333334,1.7333333333333334
44,Courtney Vandersloot,CHI,G,2026,0.0017580730261738554,1.2,16.7,20.6,0.555,9.28,5.24,2.92,0.28,1.16
45,Brittney Griner,CON,C,2026,0.0014384798710909395,1.1,20.0,23.6,0.561,13.222222222222221,2.5,5.833333333333333,1.7777777777777777,0.4444444444444444
46,Natisha Hiedeman,SEA,G,2026,0.0014301862384992418,2.0,15.3,22.8,0.553,14.76923076923077,4.743589743589744,2.5384615384615383,0.1282051282051282,1.0256410256410255
47,Erica Wheeler,LAS,G,2026,0.0012203377392386136,0.8,10.7,17.3,0.518,8.878048780487806,5.048780487804878,1.853658536585366,0.0975609756097561,0.9024390243902439
48,Gabby Williams,GSV,F,2026,0.0012085611822143117,2.8,17.9,29.1,0.51,14.297297297297296,2.189189189189189,3.2972972972972974,0.16216216216216217,1.6486486486486487
49,Leïla Lacan,CON,G,2026,0.0010990633956637064,0.6,13.4,21.1,0.515,11.75,4.607142857142857,1.8571428571428572,0.32142857142857145,1.6785714285714286
50,Emma Cannon,LAS,F,2026,0.001039569081021218,0.3,14.8,22.9,0.708,4.176470588235294,0.35294117647058826,1.411764705882353,0.11764705882352941,0.058823529411764705
51,Arike Ogunbowale,DAL,G,2026,0.0009559261587035387,3.4,15.6,23.4,0.541,15.285714285714286,3.261904761904762,3.0714285714285716,0.07142857142857142,1.0
52,Kalani Brown,LVA,C,2026,0.0009256487130177879,0.1,30.3,25.4,0.94,5.0,0.5,1.5,0.0,0.5
53,Chennedy Carter,LVA,G,2026,0.000870906350482346,1.1,24.4,27.3,0.684,12.23076923076923,1.3076923076923077,1.7692307692307692,0.3076923076923077,0.8461538461538461
54,Dearica Hamby,LAS,F,2026,0.0008507265351594522,3.8,19.2,21.4,0.598,14.439024390243903,2.4146341463414633,6.975609756097561,0.4146341463414634,1.4878048780487805
55,Pauline Astier,NYL,G,2026,0.0007871820594825598,3.4,14.9,17.1,0.639,9.285714285714286,3.357142857142857,2.6666666666666665,0.14285714285714285,0.8333333333333334
56,Madison Scott,NYL,G-F,2026,0.00077516897928294,0.0,44.4,27.2,0.82,4.0,1.0,0.0,0.0,0.0
57,Cameron Brink,LAS,F,2026,0.0006477054363493925,0.7,15.8,24.4,0.577,9.548387096774194,1.4838709677419355,5.0,1.7741935483870968,0.6451612903225806
58,Shay Ciezki,PHO,G,2026,0.0005699663829854554,0.4,18.6,22.7,0.644,8.5,1.8333333333333333,2.0,0.3333333333333333,0.5
59,Awak Kuier,DAL,F,2026,0.0005647142508302916,2.2,15.7,15.0,0.597,6.076923076923077,1.0256410256410255,3.871794871794872,1.641025641025641,0.5384615384615384
60,Leonie Fiebich,NYL,F,2026,0.0005579895745929051,1.2,11.4,14.7,0.614,9.631578947368421,2.0,3.1578947368421053,0.10526315789473684,1.2105263157894737
61,DeWanna Bonner,TOT,F-G,2026,0.0005272799076237563,2.5,14.9,17.8,0.524,10.25,1.55,5.95,0.725,1.1
62,Bree Hall,IND,G,2026,0.000468097474317402,0.0,15.4,23.2,0.581,2.0,0.0,0.25,0.0,0.0
63,Kiah Stokes,GSV,C,2026,0.00045082257282061156,3.5,12.2,8.4,0.498,3.5365853658536586,1.2439024390243902,5.585365853658536,1.7560975609756098,0.5853658536585366
64,Teja Oblak,POR,G,2026,0.0004445425597644981,-0.9,9.9,26.7,0.507,5.551724137931035,3.1724137931034484,1.5862068965517242,0.034482758620689655,0.6551724137931034
65,Madina Okot,ATL,C,2026,0.0004434572130611781,1.1,19.0,25.7,0.62,5.463414634146342,0.2682926829268293,3.3658536585365852,0.2926829268292683,0.34146341463414637
66,Rae Burrell,LAS,G-F,2026,0.0003715804601417214,1.2,14.2,22.8,0.585,14.634146341463415,2.5853658536585367,2.341463414634146,0.6097560975609756,0.8292682926829268
67,Ta'Niya Latson,TOT,G,2026,0.00036147484185901764,0.1,13.2,25.2,0.604,3.111111111111111,0.3888888888888889,0.8333333333333334,0.05555555555555555,0.05555555555555555
68,Ariel Atkins,LAS,G,2026,0.00031031173567256574,0.9,10.6,16.3,0.499,8.525,2.85,2.925,0.375,1.65
69,Anastasiia Kosu,MIN,F,2026,0.000303786922600528,1.1,16.0,16.5,0.559,3.6,0.6666666666666666,1.9666666666666666,0.4,0.5666666666666667
70,Aaliyah Edwards,CON,F,2026,0.00029928471327616944,1.0,17.0,23.6,0.586,11.0,0.9642857142857143,4.392857142857143,0.32142857142857145,0.7857142857142857
71,Kamiah Smalls,POR,G,2026,0.00028637949450291455,0.0,13.8,21.6,0.718,7.5,3.0,0.0,0.0,0.0
72,Damiris Dantas,IND,C-F,2026,0.0002686889365303632,0.0,7.7,20.1,0.556,3.3333333333333335,0.3333333333333333,1.5,0.16666666666666666,0.16666666666666666
73,Nadia Fingall,GSV,C,2026,0.00024967970232802613,0.2,17.6,11.4,0.799,1.1,0.2,0.5,0.0,0.0
74,Kayla Thornton,GSV,F,2026,0.00023627773839429437,3.2,11.1,15.6,0.516,7.761904761904762,0.6904761904761905,4.5,0.21428571428571427,0.6666666666666666
75,Kiki Rice,TOR,G,2026,0.00022266674768955824,1.5,16.5,20.9,0.596,13.0,3.3846153846153846,3.5384615384615383,0.19230769230769232,0.7307692307692307
76,Eliška Joklová,MIN,G,2026,0.00022198061733095912,0.4,14.2,17.0,0.558,1.7142857142857142,1.0952380952380953,1.0476190476190477,0.14285714285714285,0.14285714285714285
77,Lucy Olsen,WAS,G,2026,0.00022167648375242353,0.3,10.5,18.7,0.563,2.619047619047619,0.8571428571428571,0.5238095238095238,0.047619047619047616,0.19047619047619047
78,Frieda Bühner,POR,F-C,2026,0.0002183212883984397,0.5,11.3,18.7,0.571,6.315789473684211,0.7631578947368421,2.1052631578947367,0.05263157894736842,0.34210526315789475
79,Marta Suárez,PHO,F,2026,0.00021768678931961317,0.1,8.2,18.4,0.567,3.411764705882353,0.4117647058823529,1.2941176470588236,0.058823529411764705,0.23529411764705882
80,Sydney Taylor,CHI,G,2026,0.00020942597663932365,0.5,15.1,29.5,0.547,13.428571428571429,1.8571428571428572,1.5714285714285714,0.22857142857142856,0.6857142857142857
81,Kaila Charles,GSV,G-F,2026,0.00020293695258886252,2.6,12.6,17.2,0.498,6.404761904761905,1.4285714285714286,4.642857142857143,0.23809523809523808,0.8333333333333334
82,Olivia Nelson-Ododa,CON,C,2026,0.00019542179961666104,2.2,19.0,20.4,0.616,10.121212121212121,1.6363636363636365,5.878787878787879,0.7878787878787878,0.7575757575757576
83,Isobel Borlase,ATL,G,2026,0.00019489716743693482,1.0,9.9,17.1,0.537,4.904761904761905,1.0476190476190477,1.4523809523809523,0.09523809523809523,0.30952380952380953
84,Tyasha Harris,IND,G,2026,0.00019028254508007643,1.3,11.6,13.4,0.567,4.162162162162162,1.972972972972973,1.054054054054054,0.13513513513513514,0.2702702702702703
85,Kitija Laksa,DAL,G,2026,0.00018458025802119965,0.0,8.4,27.9,0.462,6.0,0.0,3.0,0.5,0.0
86,Chance Gray,LAS,G,2026,0.00018454146683044234,0.2,7.8,13.1,0.562,3.1578947368421053,0.9736842105263158,1.105263157894737,0.02631578947368421,0.15789473684210525
87,Aaliyah Nye,TOT,G-F,2026,0.00018346437807096043,0.1,10.5,16.0,0.546,1.0,0.2,0.3,0.05,0.05
88,Emese Hof,MIN,C,2026,0.00017875960502410602,-0.1,1.2,22.8,0.509,2.3333333333333335,0.6666666666666666,1.6666666666666667,0.0,0.0
89,Karlie Samuelson,POR,G,2026,0.00017469951447404415,0.8,10.0,13.4,0.558,4.903225806451613,0.8064516129032258,1.5161290322580645,0.0967741935483871,0.5483870967741935
90,Alysha Clark,DAL,F,2026,0.00016354554237523695,0.5,6.7,11.0,0.547,2.586206896551724,0.6896551724137931,1.7586206896551724,0.2413793103448276,0.20689655172413793
91,Marine Fauthoux,NYL,G,2026,0.000153104738225872,0.2,9.6,17.4,0.534,3.9,1.8,1.95,0.0,0.15
92,Angela Dugalić,WAS,F,2026,0.0001504137546339098,0.6,11.1,17.3,0.49,2.8055555555555554,0.6111111111111112,2.3333333333333335,0.19444444444444445,0.3333333333333333
93,Naz Hillmon,ATL,F,2026,0.00014912324995463685,2.8,10.6,13.5,0.568,8.951219512195122,1.5853658536585367,4.609756097560975,0.3902439024390244,0.6097560975609756
94,Emily Engstler,POR,F,2026,0.00014736976477468957,2.0,16.8,19.8,0.568,10.116279069767442,2.13953488372093,5.604651162790698,1.4186046511627908,1.4186046511627908
95,Lauren Betts,WAS,C,2026,0.00014610645862931125,3.0,17.2,16.2,0.592,6.380952380952381,1.0952380952380953,4.476190476190476,0.7857142857142857,0.5714285714285714
96,Raven Johnson,IND,G,2026,0.0001444431713464828,0.1,8.4,16.6,0.47,3.081081081081081,1.135135135135135,1.7027027027027026,0.13513513513513514,0.32432432432432434
97,Lexie Hull,IND,G,2026,0.00014250577459113978,1.3,8.8,12.7,0.554,5.285714285714286,0.6904761904761905,3.0476190476190474,0.16666666666666666,0.5476190476190477
98,Gianna Kneepkens,CON,G,2026,0.00014065956375073184,0.2,8.2,16.8,0.478,3.235294117647059,0.4411764705882353,1.2647058823529411,0.08823529411764706,0.17647058823529413
99,Nia Coffey,MIN,F,2026,0.00014013943676394867,3.2,13.6,12.2,0.556,6.214285714285714,1.7380952380952381,4.309523809523809,1.0476190476190477,0.9761904761904762
100,Kia Nurse,TOR,G,2026,0.00013397730835577784,0.2,9.9,18.1,0.519,5.317073170731708,1.0,1.1219512195121952,0.0,0.34146341463414637
101,Aubrey Griffin,NYL,G-F,2026,0.0001325461679248704,0.0,3.1,11.2,1.0,0.5,0.0,0.25,0.0,0.0
102,Justine Pissott,LVA,G-F,2026,0.00013049550937673472,0.1,9.9,20.7,0.515,3.8,0.4,1.0,0.3,0.2
103,Rachel Banham,CHI,G,2026,0.00012805847581839696,-0.1,8.0,18.1,0.499,4.868421052631579,1.263157894736842,1.2105263157894737,0.21052631578947367,0.2894736842105263
104,Rayah Marshall,CON,C-F,2026,0.0001211485588650482,-0.1,4.8,22.2,0.376,2.0,0.25,1.5,0.25,0.0
105,Indya Nivar,ATL,G,2026,0.00012106267334122696,0.1,10.7,18.7,0.428,1.0,0.36363636363636365,0.8181818181818182,0.09090909090909091,0.22727272727272727
106,Kara Dunn,PHO,G,2026,0.00011845513621382825,0.0,7.5,16.8,0.5,5.0,0.6666666666666666,1.3333333333333333,0.0,0.0
107,Kate Martin,LAS,G,2026,0.00011773074786784358,0.2,10.6,15.2,0.506,2.2941176470588234,0.35294117647058826,1.1176470588235294,0.17647058823529413,0.29411764705882354
108,Alex Fowler,NYL,F,2026,0.00011554003562702175,0.0,1.1,20.0,0.551,6.0,0.5,0.0,0.0,0.5
109,Aicha Coulibaly,CHI,G,2026,0.00011528767865956702,0.9,12.8,17.2,0.559,5.166666666666667,0.6,2.6333333333333333,0.23333333333333334,0.6666666666666666
110,Temi Fagbenle,TOR,C,2026,0.00011520216678951959,0.0,10.5,16.3,0.556,5.88,0.96,3.4,0.32,0.52
111,Justė Jocytė,GSV,G-F,2026,0.0001147952282653671,0.2,10.2,21.4,0.514,3.125,1.0625,0.75,0.0625,0.1875
112,Te-Hina PaoPao,ATL,G,2026,0.0001146191877423874,0.7,8.2,15.6,0.502,3.8181818181818183,1.3333333333333333,0.7878787878787878,0.09090909090909091,0.18181818181818182
113,Raegan Beers,CON,F,2026,0.0001135283034413898,0.6,11.6,17.1,0.551,4.027777777777778,0.8333333333333334,3.0555555555555554,0.25,0.4444444444444444
114,Nikolina Milic,TOR,C,2026,0.00011322199796411833,-0.1,5.4,18.0,0.506,3.0,0.42857142857142855,1.2857142857142858,0.0,0.0
115,Saylor Poffenbarger,TOT,F,2026,0.00010926537125933437,-0.1,0.6,9.1,0.167,0.42857142857142855,0.14285714285714285,1.4285714285714286,0.0,0.42857142857142855
116,Laura Ziegler,LAS,F,2026,0.00010411882076095601,0.0,10.2,14.1,0.429,2.6666666666666665,1.0,1.3333333333333333,0.3333333333333333,0.3333333333333333
117,Ashten Prechtel,GSV,F,2026,0.00010186497338174077,0.0,4.8,18.7,0.533,1.8333333333333333,0.5,1.8333333333333333,0.6666666666666666,0.16666666666666666
118,Chloe Bibby,TOT,F,2026,9.906768156547538e-05,0.0,8.9,21.1,0.52,4.142857142857143,0.8571428571428571,0.5714285714285714,0.42857142857142855,0.2857142857142857
119,Sug Sutton,TOT,G,2026,9.497178567115553e-05,0.3,11.6,17.6,0.524,3.36,2.0,0.84,0.08,0.36
120,Ally Wilson,WAS,G,2026,9.393521110781092e-05,0.0,3.5,14.1,0.368,3.0,0.75,1.75,0.25,0.0
121,Taylor Thierry,SEA,G-F,2026,9.216731182484855e-05,0.2,7.7,10.2,0.46,1.875,0.375,1.75,0.0,0.1875
122,Kiana Williams,TOT,G,2026,9.167636565755492e-05,-0.5,5.4,17.9,0.465,4.083333333333333,1.2083333333333333,0.4166666666666667,0.041666666666666664,0.375
123,Ndjakalenga Mwenentanda,TOT,G,2026,8.974636539513531e-05,-0.1,0.0,16.9,0.347,1.0,0.5,0.6666666666666666,0.0,0.16666666666666666
124,Taina Mair,SEA,G,2026,8.685362245354588e-05,-0.2,-0.9,20.4,0.327,1.3,0.5,0.4,0.1,0.0
125,Tima Pouye,TOR,G,2026,8.67774496826345e-05,-0.2,6.2,19.1,0.477,3.1578947368421053,1.1578947368421053,0.8421052631578947,0.0,0.21052631578947367
126,Raquel Carrera Quintana,NYL,C,2026,8.488819467281056e-05,0.3,9.9,11.1,0.613,1.3478260869565217,0.30434782608695654,1.0434782608695652,0.08695652173913043,0.13043478260869565
127,Sika Koné,ATL,F,2026,8.477796431407235e-05,0.1,6.3,19.3,0.448,1.8529411764705883,0.20588235294117646,1.0588235294117647,0.0,0.058823529411764705
128,Li Yueru,DAL,C,2026,8.432502248226529e-05,0.7,11.4,16.5,0.526,3.3870967741935485,0.41935483870967744,2.838709677419355,0.3548387096774194,0.12903225806451613
129,Cassandre Prosper,WAS,G,2026,8.172712911016546e-05,-0.4,1.2,16.1,0.363,2.135135135135135,0.4594594594594595,1.027027027027027,0.08108108108108109,0.24324324324324326
130,Awa Fam,SEA,C,2026,8.170890356209262e-05,1.3,12.7,17.4,0.538,9.944444444444445,1.8333333333333333,5.916666666666667,0.75,0.8333333333333334
131,Grace VanSlooten,TOT,F,2026,8.139174086414231e-05,0.3,14.2,10.1,0.805,1.3888888888888888,0.2222222222222222,0.5555555555555556,0.2222222222222222,0.2222222222222222
132,Zaay Green,TOR,G,2026,8.126228226234617e-05,-0.2,-2.4,14.7,0.438,1.4,0.2,0.4,0.0,0.2
133,Betnijah Laney-Hamilton,TOT,G-F,2026,8.115289589786773e-05,0.4,7.9,15.7,0.503,4.607142857142857,1.9642857142857142,2.0,0.14285714285714285,0.35714285714285715
134,Nell Angloma,CON,F,2026,8.047099919750595e-05,0.1,10.1,18.6,0.479,4.184210526315789,0.8157894736842105,1.868421052631579,0.2631578947368421,0.5526315789473685
135,Alissa Pili,LAS,F,2026,7.916144137907069e-05,-0.1,4.9,18.5,0.388,2.0,0.8,2.2,0.0,0.2
136,Lexie Brown,SEA,G,2026,7.91113094500587e-05,0.1,8.1,11.4,0.663,3.8,1.1,1.3,0.1,0.5
137,Jihyun Park,LAS,G,2026,7.747652964670071e-05,0.2,7.3,12.2,0.492,2.2058823529411766,0.5294117647058824,1.0,0.029411764705882353,0.4117647058823529
138,Mariella Fasoula,TOR,C,2026,7.455726661967646e-05,0.0,5.7,20.6,0.4,1.3333333333333333,0.3333333333333333,1.0,0.6666666666666666,0.3333333333333333
139,Lexi Held,TOT,G,2026,7.28209257410436e-05,0.2,9.7,17.9,0.53,5.5,1.375,1.1,0.125,0.5
140,Makayla Timpson,IND,F-C,2026,7.255227468651428e-05,2.8,15.0,11.5,0.664,5.682926829268292,0.5365853658536586,4.902439024390244,0.8048780487804879,0.6097560975609756
141,JJ Quinerly,DAL,G,2026,7.21393388111016e-05,0.0,10.4,11.2,0.333,1.0,1.0,0.5,0.5,0.0
142,Haley Jones,TOT,F-G,2026,6.934762447017e-05,0.1,14.2,20.2,0.588,3.3333333333333335,1.0,1.7777777777777777,0.0,0.2222222222222222
143,Noémie Brochant,PHO,F-G,2026,6.836256047293656e-05,1.1,10.0,13.0,0.555,6.390243902439025,1.853658536585366,2.048780487804878,0.21951219512195122,1.048780487804878
144,Rori Harmon,WAS,G,2026,6.775096451470894e-05,-0.1,3.0,14.9,0.47,0.8571428571428571,1.0,0.5714285714285714,0.0,0.35714285714285715
145,Sania Feagin,LAS,F,2026,6.619554197143958e-05,0.0,-1.0,4.4,0.0,0.0,0.6666666666666666,0.3333333333333333,0.0,0.0
146,Ugonne Onyiah,IND,F-C,2026,6.617655036095844e-05,0.0,0.0,0.0,,0.0,0.0,0.0,0.0,0.0
147,Christyn Williams,DAL,G,2026,6.57318339182685e-05,-0.1,-3.1,19.8,0.102,0.5,0.5,1.0,0.5,0.0
148,Sophie Cunningham,IND,G,2026,6.531833903880555e-05,2.8,12.4,13.2,0.663,7.975609756097561,1.2195121951219512,2.268292682926829,0.12195121951219512,0.5609756097560976
149,Kierstan Bell,LVA,F,2026,6.435302909139308e-05,-0.2,4.2,14.2,0.375,1.8928571428571428,0.5714285714285714,1.4285714285714286,0.35714285714285715,0.21428571428571427
150,Shyanne Sellers,LAS,G,2026,6.313227596388185e-05,-0.1,1.7,16.5,0.291,2.0,1.0,1.0,0.0,1.0
151,Brianna Turner,LVA,F-C,2026,6.301103823106725e-05,0.4,5.4,6.9,0.575,1.5897435897435896,0.20512820512820512,2.230769230769231,0.5641025641025641,0.28205128205128205
152,Maddy Westbeld,TOT,F,2026,6.002145614994439e-05,-0.2,1.2,14.7,0.358,2.125,0.625,1.875,0.25,0.375
153,Dana Evans,LVA,G,2026,5.927581450084863e-05,-0.4,3.0,18.0,0.371,3.6923076923076925,2.0,1.4615384615384615,0.15384615384615385,0.23076923076923078
154,Peyton Williams,PHO,F,2026,5.792444851731658e-05,0.0,11.3,7.5,0.0,0.0,2.0,0.0,1.0,0.0
155,Teaira McCowan,MIN,C,2026,5.75259826839697e-05,0.0,5.4,14.4,0.429,1.4,0.3,2.4,0.5,0.1
156,Charlisse Leger-Walker,CON,G,2026,5.748569703888447e-05,-0.2,9.2,17.2,0.485,7.214285714285714,3.738095238095238,2.4285714285714284,0.2619047619047619,0.8095238095238095
157,Cotie McMahon,WAS,G,2026,5.670837133221708e-05,1.3,9.6,17.4,0.486,6.35,1.9,2.9,0.15,0.525
158,Georgia Amoore,WAS,G,2026,5.476656874001118e-05,0.8,7.0,16.5,0.524,6.809523809523809,3.5,1.4047619047619047,0.11904761904761904,0.3333333333333333
159,Liatu King,MIN,F,2026,5.453237113427566e-05,0.2,15.0,15.9,0.625,2.8,0.0,2.3,0.4,0.3
160,Kyara Linskens,PHO,C,2026,5.4060055542190104e-05,0.1,10.6,17.1,0.435,3.0,0.631578947368421,2.3684210526315788,0.7368421052631579,0.5263157894736842
161,Monique Akoa Makani,TOT,G,2026,5.3621693956680355e-05,0.1,9.0,18.5,0.555,7.75,2.3214285714285716,1.7857142857142858,0.2857142857142857,0.9642857142857143
162,Dorka Juhász,MIN,F,2026,5.339112779524605e-05,0.5,10.3,12.6,0.495,3.6315789473684212,1.2105263157894737,2.736842105263158,0.631578947368421,0.2631578947368421
163,Emma Čechová,MIN,C,2026,5.309936024354618e-05,0.1,13.9,19.9,0.64,8.333333333333334,0.0,3.6666666666666665,0.6666666666666666,0.3333333333333333
164,Holly Winterburn,POR,G,2026,5.260016544588599e-05,-0.1,10.9,20.5,0.493,4.0,1.7586206896551724,1.3793103448275863,0.034482758620689655,0.5517241379310345
165,Luisa Geiselsöder,POR,C,2026,5.21061037959944e-05,-0.3,5.8,16.2,0.441,4.476190476190476,1.2857142857142858,2.619047619047619,0.38095238095238093,0.3333333333333333
166,Laeticia Amihere,GSV,F,2026,5.113305781289287e-05,1.9,17.1,17.0,0.548,3.972972972972973,1.027027027027027,3.135135135135135,0.8108108108108109,0.4864864864864865
167,Marine Johannes,NYL,G,2026,4.926970424313142e-05,1.6,13.1,19.5,0.594,8.666666666666666,2.3846153846153846,2.051282051282051,0.1282051282051282,0.7948717948717948
168,Elizabeth Williams,CHI,C-F,2026,4.859712650312888e-05,0.8,12.7,16.1,0.471,5.071428571428571,1.3095238095238095,3.4523809523809526,0.8809523809523809,0.5952380952380952
169,Ornella Bankole,TOR,F,2026,4.8386821453002036e-05,0.3,7.8,9.2,0.627,3.25,1.0833333333333333,1.9166666666666667,0.0,0.16666666666666666
170,Mackenzie Holmes,SEA,F,2026,4.762593344160432e-05,1.0,15.7,11.8,0.63,2.857142857142857,0.5357142857142857,2.9642857142857144,0.21428571428571427,0.6428571428571429
171,Tonie Morgan,LAS,G,2026,4.7244854738929933e-05,0.1,10.8,16.6,0.579,5.0,2.6,1.2,0.1,1.0
172,Sami Whitcomb,PHO,G,2026,4.670842797414647e-05,0.0,8.0,17.2,0.484,5.315789473684211,2.210526315789474,1.6842105263157894,0.10526315789473684,0.631578947368421
173,Alicia Flórez,WAS,G,2026,4.6246458547825176e-05,0.0,7.6,19.5,0.422,3.515151515151515,2.0,1.393939393939394,0.15151515151515152,0.6363636363636364
174,Serah Williams,POR,F,2026,4.593853392561661e-05,0.6,12.2,15.6,0.576,4.394736842105263,0.47368421052631576,2.763157894736842,0.42105263157894735,0.5
175,Kayla Alexander,TOR,C,2026,4.590300533037473e-05,0.0,8.3,14.1,0.514,2.25,0.5,2.75,0.25,0.25
176,Valeriane Ayayi,PHO,F,2026,4.565552293383934e-05,0.9,11.7,19.1,0.576,6.382352941176471,1.2352941176470589,2.764705882352941,0.23529411764705882,0.5
177,Mercedes Russell,IND,C,2026,4.5631376295541565e-05,0.1,6.2,8.6,0.444,1.5714285714285714,0.5714285714285714,1.1428571428571428,0.0,0.5714285714285714
178,Teonni Key,TOR,F,2026,4.535462093944851e-05,-0.3,7.7,12.6,0.41,2.054054054054054,0.4864864864864865,1.945945945945946,0.4864864864864865,0.43243243243243246
179,Stephanie Talbot,LVA,F,2026,4.5297571510717295e-05,1.2,8.8,10.8,0.533,3.5238095238095237,1.0952380952380953,2.5714285714285716,0.2857142857142857,0.6190476190476191
180,Ashlon Jackson,CON,G,2026,4.5234635822104576e-05,-0.2,4.8,12.6,0.412,2.7058823529411766,0.7058823529411765,1.2352941176470589,0.058823529411764705,0.47058823529411764
181,Anneli Maley,TOT,F,2026,4.521673750752681e-05,-0.1,1.7,10.3,0.179,0.6,0.4,1.2,0.1,0.5
182,Odyssey Sims,DAL,G,2026,4.506496101090669e-05,0.3,9.2,18.1,0.491,4.696969696969697,1.9696969696969697,0.9090909090909091,0.06060606060606061,0.48484848484848486
183,Hailey Van Lith,CON,G,2026,4.5010130817543075e-05,0.0,9.9,18.2,0.49,5.142857142857143,1.8571428571428572,1.2857142857142858,0.19047619047619047,0.7142857142857143
184,Stefanie Dolson,SEA,C,2026,4.4915252889021226e-05,0.8,8.2,10.4,0.61,3.3488372093023258,1.186046511627907,2.441860465116279,0.4418604651162791,0.27906976744186046
185,Azura Stevens,CHI,F-C,2026,4.47091979997012e-05,1.0,13.8,21.3,0.509,10.59375,2.09375,6.40625,0.75,0.84375
186,Sha Carter,PHO,F,2026,4.4694782064900845e-05,-0.1,3.9,15.1,0.3,1.1538461538461537,0.5384615384615384,0.6923076923076923,0.0,0.38461538461538464
187,Jordan Harrison,POR,G,2026,4.4342541091747034e-05,0.1,12.5,21.5,0.54,5.0,3.8,1.7333333333333334,0.06666666666666667,0.7333333333333333
188,Jacy Sheldon,CHI,G,2026,4.4070184282039196e-05,0.8,8.9,14.2,0.543,6.333333333333333,1.6904761904761905,1.3571428571428572,0.2619047619047619,0.8333333333333334
189,Shatori Walker-Kimbrough,TOT,G,2026,4.381188624691159e-05,0.2,16.5,14.8,0.723,1.2142857142857142,0.5714285714285714,0.35714285714285715,0.0,0.14285714285714285
190,Katie Lou Samuelson,SEA,G,2026,4.3386116499750515e-05,0.9,11.3,12.7,0.553,4.4375,0.8125,2.09375,0.09375,0.8125
191,Jade Melbourne,SEA,G,2026,4.324321795995767e-05,1.6,12.2,17.8,0.555,9.170731707317072,3.8048780487804876,2.1707317073170733,0.21951219512195122,0.9024390243902439
192,Antonia Delaere,MIN,G,2026,4.3224946720497513e-05,1.1,9.9,10.6,0.61,2.891891891891892,1.0810810810810811,0.7297297297297297,0.0,0.43243243243243246
193,Monique Billings,IND,F,2026,4.239906900146671e-05,3.0,16.0,14.4,0.598,6.487804878048781,0.975609756097561,4.609756097560975,0.4634146341463415,0.8536585365853658
194,Rebecca Allen,NYL,F-G,2026,4.1043459398479754e-05,1.2,10.6,13.7,0.586,5.888888888888889,0.6666666666666666,2.4074074074074074,0.4444444444444444,0.5555555555555556
195,Mai Yamamoto,LVA,G,2026,4.091166749084265e-05,0.5,12.5,15.6,0.56,5.5,1.5833333333333333,1.1666666666666667,0.0,0.75
196,Gabriela Jaquez,CHI,G,2026,4.088278746866811e-05,0.2,9.2,17.4,0.515,6.8108108108108105,0.8378378378378378,2.945945945945946,0.05405405405405406,0.7027027027027027
197,Myisha Hines-Allen,IND,F,2026,3.984361131516388e-05,0.7,10.5,14.4,0.542,3.75,1.4444444444444444,3.3055555555555554,0.3888888888888889,0.4722222222222222
198,Nyadiew Puoch,POR,F,2026,3.79816437429381e-05,-0.3,6.1,13.2,0.448,4.309523809523809,0.7619047619047619,2.1666666666666665,0.14285714285714285,0.7142857142857143
199,Aziaha James,DAL,G,2026,3.4516982041969784e-05,0.9,16.7,27.3,0.474,6.1891891891891895,1.2162162162162162,2.3783783783783785,0.24324324324324326,0.9459459459459459
200,Diamond Miller,CON,F,2026,3.368932302941679e-05,-0.3,8.5,22.2,0.494,9.78048780487805,1.4146341463414633,2.6341463414634148,0.1951219512195122,0.6829268292682927
201,Jovana Nogić,PHO,G,2026,3.368355877578992e-05,0.6,13.5,22.2,0.612,10.375,1.625,1.0625,0.0,0.625
202,Alanna Smith,DAL,F,2026,2.915655781850005e-05,1.0,11.8,17.0,0.535,6.03125,1.03125,3.9375,0.46875,0.71875
203,Morgan Maly,CHI,F,2026,2.7945582395669804e-05,0.1,9.9,11.6,0.644,3.3333333333333335,0.0,2.0,0.0,0.0
204,Jaylyn Sherrod,TOT,G,2026,2.334884522707531e-05,0.0,7.9,18.1,0.356,1.9230769230769231,1.0769230769230769,0.9230769230769231,0.15384615384615385,0.7692307692307693
205,Maya Caldwell,MIN,G,2026,2.129219857446218e-05,1.2,10.5,14.9,0.497,3.9761904761904763,1.0476190476190477,2.261904761904762,0.16666666666666666,0.6666666666666666
206,Miela Sowah,GSV,G,2026,1.739932746754944e-05,-0.3,-19.8,27.0,0.1,0.2857142857142857,0.0,0.7142857142857143,0.0,0.0
207,Michaela Onyenwere,WAS,F,2026,1.68291471129634e-05,2.1,10.2,16.6,0.585,8.894736842105264,1.7105263157894737,2.6315789473684212,0.15789473684210525,0.42105263157894735
208,Maddy Siegrist,DAL,F,2026,1.6477779437960458e-05,2.3,17.1,17.8,0.582,6.358974358974359,0.8974358974358975,2.641025641025641,0.38461538461538464,0.41025641025641024
209,Kaitlyn Chen,GSV,G,2026,1.4122258235818898e-05,2.0,14.6,21.2,0.605,7.071428571428571,1.9523809523809523,1.119047619047619,0.023809523809523808,0.2857142857142857
210,Rebekah Gardner,NYL,G,2026,1.1386199171668173e-05,2.1,14.3,15.0,0.588,5.175,1.25,2.45,0.2,0.525
211,Laura Juškaitė,TOR,F,2026,8.87915181616942e-06,0.9,13.5,19.9,0.587,10.952380952380953,1.6666666666666667,4.190476190476191,0.23809523809523808,1.2380952380952381
212,Ezi Magbegor,SEA,F-C,2026,8.87915181616942e-06,0.3,11.9,17.5,0.48,6.857142857142857,1.7857142857142858,4.0,1.2142857142857142,0.7857142857142857
213,Sarah Ashlee Barker,POR,G,2026,8.87915181616942e-06,0.9,14.6,19.7,0.603,10.692307692307692,2.3846153846153846,4.5,0.34615384615384615,0.8846153846153846
214,Kennedy Burke,CON,G-F,2026,8.87915181616942e-06,0.7,12.5,18.4,0.517,8.783783783783784,1.4324324324324325,3.2162162162162162,0.8108108108108109,1.2432432432432432
215,DiJonai Carrington,CHI,G-F,2026,8.87915181616942e-06,-0.2,10.0,29.2,0.438,8.818181818181818,0.6363636363636364,3.090909090909091,0.18181818181818182,0.6363636363636364
216,Jordan Horston,SEA,F,2026,8.87915181616942e-06,-0.1,9.3,16.2,0.439,4.611111111111111,1.3055555555555556,3.5277777777777777,0.5,1.0277777777777777
217,Isabelle Harrison,TOR,F,2026,8.87915181616942e-06,0.5,16.6,25.7,0.509,12.266666666666667,1.5666666666666667,6.633333333333334,0.7,0.8333333333333334
218,Maria Conde,TOR,F,2026,8.87915181616942e-06,-0.6,9.0,17.4,0.483,8.617647058823529,2.6176470588235294,4.5588235294117645,0.17647058823529413,0.5
219,Zia Cooke,SEA,G,2026,8.87915181616942e-06,-0.5,9.6,26.3,0.471,7.536585365853658,1.0731707317073171,1.6585365853658536,0.024390243902439025,0.3902439024390244
220,Flau'jae Johnson,SEA,G,2026,8.87915181616942e-06,0.7,14.4,26.2,0.506,14.75609756097561,2.902439024390244,4.780487804878049,0.7073170731707317,1.3902439024390243
221,Cecilia Zandalasini,GSV,F,2026,8.87915181616942e-06,1.2,12.1,24.4,0.506,8.82857142857143,1.7714285714285714,2.1714285714285713,0.17142857142857143,0.8571428571428571
222,Saniya Rivers,CON,G,2026,8.87915181616942e-06,-0.9,8.9,19.7,0.396,6.947368421052632,3.0526315789473686,2.526315789473684,0.6578947368421053,1.0789473684210527
223,Nyara Sabally,TOR,F,2026,8.87915181616942e-06,1.5,19.8,21.5,0.612,12.291666666666666,1.7083333333333333,5.25,0.875,1.0
224,Jewell Loyd,LVA,G,2026,8.87915181616942e-06,1.1,8.2,14.7,0.499,7.6,1.425,2.3,0.125,1.1
225,Amy Okonkwo,TOT,F,2026,8.87915181616942e-06,0.1,16.7,23.0,0.547,5.2,0.2,1.2,0.0,1.0
226,Satou Sabally,NYL,F,2026,8.87915181616942e-06,0.6,15.9,27.2,0.609,10.384615384615385,1.9230769230769231,2.769230769230769,0.15384615384615385,0.07692307692307693
227,Bridget Carleton,POR,F,2026,0.0,2.6,15.9,20.5,0.557,14.282051282051283,2.1538461538461537,4.487179487179487,0.4358974358974359,1.564102564102564
228,Megan DiLeo,POR,C,2026,0.0,3.4,19.6,20.3,0.645,13.05,0.925,4.225,0.625,0.425
229,Brionna Jones,ATL,F,2026,0.0,0.9,21.8,19.5,0.604,8.222222222222221,2.0,5.555555555555555,0.6666666666666666,0.3333333333333333
230,Charisma Osborne,POR,G,2026,0.0,0.1,20.8,23.3,0.639,9.0,1.5,1.0,0.0,1.0
231,Natasha Mack,PHO,F-C,2026,0.0,3.4,20.2,15.5,0.64,8.705882352941176,1.1764705882352942,6.764705882352941,1.2352941176470589,0.8529411764705882
232,Aari McDonald,MIN,G,2026,0.0,0.0,1.8,42.9,0.694,4.0,0.0,0.0,0.0,0.0
233,Darianna Littlepage-Buggs,WAS,G-F,2026,0.0,0.0,27.5,19.1,0.833,1.25,0.0,0.25,0.0,0.0
234,Cheyenne Parker-Tyus,LVA,F,2026,0.0,1.8,21.6,20.1,0.631,5.551724137931035,0.6551724137931034,3.0344827586206895,0.7241379310344828,0.4482758620689655
235,Costanza Verona,DAL,G,2026,0.0,0.1,38.9,14.9,1.0,4.0,2.0,0.0,0.0,0.0
236,Han Xu,NYL,C,2026,0.0,2.4,18.4,17.6,0.627,6.285714285714286,0.7142857142857143,2.5,0.6428571428571429,0.30952380952380953
