,Season,Rank,Player,Age,Tm,First,Pts Won,Pts Max,award_share,G,MP,PTS,TRB,AST,STL,BLK,FG%,3P%,FT%,WS,WS/48
0,1997,1,Cynthia Cooper,33,HOU,37.0,370.0,370,1.0,28,35.1,22.2,4.0,4.7,2.1,0.2,0.47,0.414,0.864,9.4,0.462
1,1997,2,Andrea Stinson,29,CHA,0.0,116.0,370,0.314,28,36.1,15.7,5.5,4.4,1.5,0.8,0.447,0.325,0.674,3.8,0.182
2,1997,3,Lisa Leslie,24,LAS,0.0,109.0,370,0.295,28,32.2,15.9,9.5,2.6,1.4,2.1,0.431,0.261,0.598,3.5,0.189
3,1997,4,Ruthie Bolton,29,SAC,0.0,107.0,370,0.289,23,35.3,19.4,5.8,2.6,2.3,0.0,0.402,0.344,0.768,3.8,0.224
4,1997,5,Michele Timms,31,PHO,0.0,20.0,370,0.054,27,35.8,12.1,3.7,5.0,2.6,0.1,0.336,0.345,0.76,3.9,0.195
5,1997,6T,Michelle Edwards,30,CLE,0.0,18.0,370,0.049,20,31.1,10.2,3.5,4.5,1.8,0.2,0.447,0.24,0.523,0.8,0.06
6,1997,6T,Wendy Palmer,22,UTA,0.0,18.0,370,0.049,28,33.4,15.8,8.0,1.7,1.7,0.2,0.374,0.25,0.676,2.0,0.1
7,1997,8,Eva Nemcova,24,CLE,0.0,10.0,370,0.027,28,33.7,13.7,3.9,2.4,1.4,0.3,0.473,0.435,0.855,3.8,0.193
8,1997,9T,Rebecca Lobo,23,NYL,0.0,9.0,370,0.024,28,33.5,12.4,7.3,1.9,0.9,1.8,0.376,0.286,0.61,1.9,0.099
9,1997,9T,Tina Thompson,21,HOU,0.0,9.0,370,0.024,28,31.6,13.2,6.6,1.1,0.8,1.0,0.418,0.37,0.838,4.3,0.234
10,1997,11,Elena Baranova,25,UTA,0.0,5.0,370,0.014,28,32.6,12.2,7.4,2.2,1.5,2.3,0.39,0.377,0.694,1.5,0.081
11,1997,12,Tamecka Dixon,21,LAS,0.0,1.0,370,0.003,27,26.5,11.9,3.0,2.0,1.8,0.2,0.456,0.423,0.773,3.3,0.219
0,1998,1,Cynthia Cooper,34,HOU,37.0,426.0,450,0.947,30,35.0,22.7,3.7,4.4,1.6,0.4,0.446,0.4,0.854,10.0,0.458
1,1998,2,Jennifer Gillom,33,PHO,8.0,303.0,450,0.673,30,32.1,20.9,7.3,1.4,1.7,0.3,0.465,0.378,0.703,6.0,0.301
2,1998,3,Lisa Leslie,25,LAS,0.0,163.0,450,0.362,28,32.1,19.6,10.2,2.5,1.5,2.1,0.478,0.391,0.768,5.7,0.306
3,1998,4,Andrea Stinson,30,CHA,0.0,57.0,450,0.127,30,34.9,15.0,4.6,4.5,1.8,0.5,0.418,0.282,0.75,4.2,0.193
4,1998,5,Teresa Weatherspoon,32,NYL,0.0,46.0,450,0.102,30,33.4,6.8,4.0,6.4,3.3,0.0,0.388,0.327,0.609,3.0,0.142
5,1998,6,Suzie McConnell Serio,31,CLE,0.0,45.0,450,0.1,28,31.5,8.6,2.2,6.4,1.8,0.2,0.455,0.408,0.729,2.1,0.112
6,1998,7,Sheryl Swoopes,26,HOU,0.0,26.0,450,0.058,29,32.3,15.6,5.1,2.1,2.5,0.5,0.427,0.36,0.826,6.0,0.306
7,1998,8,Vicky Bullett,30,CHA,0.0,16.0,450,0.036,30,31.6,13.3,6.5,1.5,2.2,1.5,0.441,0.154,0.826,4.2,0.21
8,1998,9,Isabelle Fijalkowski,25,CLE,0.0,15.0,450,0.033,28,28.8,13.7,6.9,2.1,0.6,1.0,0.547,0.4,0.821,4.0,0.24
9,1998,10,Eva Nemcova,25,CLE,0.0,14.0,450,0.031,30,32.4,11.9,3.7,2.2,1.1,0.7,0.466,0.452,0.893,3.3,0.165
10,1998,11,Korie Hlede,22,DET,0.0,9.0,450,0.02,27,33.8,14.1,5.2,2.7,0.8,0.0,0.391,0.392,0.806,2.2,0.114
11,1998,12,Cindy Brown,32,DET,0.0,8.0,450,0.018,30,32.2,11.8,10.0,1.8,1.7,0.7,0.47,0.328,0.707,5.2,0.261
12,1998,13,Janice Braxton,35,CLE,0.0,5.0,450,0.011,30,28.0,9.8,5.6,2.5,1.7,0.5,0.495,0.333,0.755,3.6,0.206
13,1998,14,Tina Thompson,22,HOU,0.0,4.0,450,0.009,27,32.4,12.7,7.1,0.9,1.1,0.9,0.419,0.359,0.851,5.0,0.273
14,1998,15,Tracy Reid,21,CHA,0.0,3.0,450,0.007,30,32.2,13.8,5.2,1.5,1.3,0.4,0.487,0.0,0.613,3.6,0.179
15,1998,16,Nikki McCray,26,WAS,0.0,2.0,450,0.004,29,33.4,17.7,2.9,3.1,1.5,0.1,0.418,0.315,0.748,0.1,0.003
16,1998,17,Wendy Palmer,23,UTA,0.0,1.0,450,0.002,28,27.2,13.5,6.6,1.1,0.6,0.2,0.472,0.353,0.653,2.2,0.139
0,1999,1,Yolanda Griffith,28,SAC,23.0,397.0,510,0.778,29,33.8,18.8,11.3,1.6,2.5,1.9,0.541,0.0,0.617,8.1,0.397
1,1999,2,Sheryl Swoopes,27,HOU,15.0,364.0,510,0.714,32,34.4,18.3,6.3,4.0,2.4,1.4,0.462,0.337,0.82,8.1,0.353
2,1999,3,Cynthia Cooper,35,HOU,13.0,324.0,510,0.635,31,35.5,22.1,2.8,5.2,1.4,0.4,0.463,0.335,0.891,9.2,0.402
3,1999,4,Lisa Leslie,26,LAS,0.0,96.0,510,0.188,32,29.1,15.6,7.8,1.8,1.1,1.5,0.467,0.423,0.731,4.4,0.227
4,1999,5,Natalie Williams,28,UTA,0.0,85.0,510,0.167,28,34.1,18.0,9.2,0.9,1.4,0.8,0.519,0.0,0.754,4.9,0.248
5,1999,6,Chamique Holdsclaw,21,WAS,0.0,24.0,510,0.047,31,34.2,16.9,7.9,2.4,1.2,0.9,0.437,0.172,0.773,3.1,0.141
6,1999,7,Shannon Johnson,24,ORL,0.0,9.0,510,0.018,32,35.8,14.0,4.7,4.4,1.7,0.4,0.447,0.364,0.686,3.5,0.146
7,1999,8,Kym Hampton,36,NYL,0.0,6.0,510,0.012,32,26.8,9.2,5.6,0.7,0.7,0.6,0.431,0.5,0.747,2.5,0.141
8,1999,9,Dawn Staley,28,CHA,0.0,5.0,510,0.01,32,33.3,11.5,2.3,5.5,1.2,0.1,0.415,0.317,0.934,3.0,0.134
9,1999,10,Sandy Brondello,30,DET,0.0,4.0,510,0.008,32,31.3,13.3,2.1,2.3,0.8,0.2,0.438,0.487,0.847,2.6,0.125
10,1999,11T,Jennifer Gillom,34,PHO,0.0,3.0,510,0.006,32,34.2,15.2,5.8,1.7,1.2,0.2,0.381,0.25,0.797,2.6,0.113
11,1999,11T,Teresa Weatherspoon,33,NYL,0.0,3.0,510,0.006,32,33.9,7.2,3.3,6.4,2.4,0.1,0.421,0.378,0.679,4.2,0.185
12,1999,13T,Nikki McCray,27,WAS,0.0,2.0,510,0.004,32,32.6,17.5,2.7,2.4,1.1,0.0,0.424,0.301,0.806,2.9,0.133
13,1999,13T,Ticha Penicheiro,24,SAC,0.0,2.0,510,0.004,32,35.0,7.3,4.8,7.1,2.1,0.2,0.32,0.158,0.664,1.0,0.042
14,1999,15T,Brandy Reed,21,MIN,0.0,1.0,510,0.002,25,30.3,16.1,6.0,2.6,1.2,0.7,0.459,0.342,0.757,2.7,0.173
15,1999,15T,Tina Thompson,23,HOU,0.0,1.0,510,0.002,32,33.6,12.2,6.4,0.9,1.0,1.0,0.419,0.351,0.782,3.8,0.171
0,2000,1,Sheryl Swoopes,28,HOU,38.0,527.0,620,0.85,31,35.2,20.7,6.3,3.8,2.8,1.1,0.506,0.374,0.821,9.8,0.433
1,2000,2,Lisa Leslie,27,LAS,19.0,450.0,620,0.726,32,32.1,17.8,9.6,1.9,1.0,2.3,0.458,0.219,0.824,6.1,0.286
2,2000,3,Yolanda Griffith,29,SAC,1.0,226.0,620,0.365,32,32.1,16.3,10.3,1.5,2.6,1.9,0.535,,0.706,7.8,0.365
3,2000,4,Natalie Williams,29,UTA,2.0,125.0,620,0.202,29,35.8,18.7,11.6,1.8,1.2,0.6,0.49,0.6,0.798,6.4,0.296
4,2000,5,Cynthia Cooper,36,HOU,1.0,84.0,620,0.135,31,35.0,17.7,2.7,5.0,1.3,0.2,0.459,0.355,0.875,7.0,0.311
5,2000,6,Tina Thompson,24,HOU,0.0,46.0,620,0.074,32,34.0,16.9,7.7,1.5,1.5,0.8,0.469,0.417,0.837,7.2,0.316
6,2000,7,Katie Smith,25,MIN,0.0,42.0,620,0.068,32,37.3,20.2,2.9,2.8,1.4,0.2,0.421,0.379,0.869,6.4,0.256
7,2000,8,Brandy Reed,22,PHO,0.0,31.0,620,0.05,32,34.1,19.0,5.9,2.7,2.1,0.7,0.507,0.419,0.901,7.3,0.324
8,2000,9T,Chamique Holdsclaw,22,WAS,0.0,18.0,620,0.029,32,35.3,17.5,7.5,2.5,1.5,0.6,0.465,0.256,0.68,3.5,0.15
9,2000,9T,Tari Phillips,29,NYL,0.0,18.0,620,0.029,31,31.5,13.8,8.0,0.9,1.9,0.7,0.467,0.25,0.654,3.8,0.186
10,2000,11,Andrea Stinson,32,CHA,1.0,11.0,620,0.018,32,35.1,17.7,4.3,3.8,1.7,0.7,0.462,0.358,0.739,3.4,0.146
11,2000,12,Jennifer Azzi,31,UTA,0.0,7.0,620,0.011,15,37.3,9.6,2.7,6.1,0.8,0.3,0.452,0.417,0.93,1.7,0.146
12,2000,13T,Adrienne Johnson,25,ORL,0.0,6.0,620,0.01,32,34.4,13.6,2.8,1.7,0.8,0.1,0.445,0.351,0.895,2.6,0.113
13,2000,13T,Mwadi Mabika,23,LAS,0.0,6.0,620,0.01,32,29.4,12.3,5.6,3.1,1.8,0.6,0.388,0.384,0.82,5.5,0.28
14,2000,15,Teresa Weatherspoon,34,NYL,0.0,5.0,620,0.008,32,33.7,6.4,3.4,6.4,2.0,0.2,0.438,0.25,0.741,3.7,0.165
15,2000,16,Betty Lennox,23,MIN,0.0,3.0,620,0.005,32,30.8,16.9,5.6,2.6,1.7,0.3,0.427,0.396,0.8,3.7,0.182
16,2000,17,Taj McWilliams-Franklin,29,ORL,0.0,2.0,620,0.003,32,34.3,13.7,7.6,1.7,1.8,1.0,0.524,0.294,0.713,4.7,0.207
17,2000,18T,Adrienne Goodson,33,UTA,0.0,1.0,620,0.002,29,32.0,17.2,5.7,2.4,1.4,0.2,0.48,0.276,0.687,3.2,0.163
18,2000,18T,Shannon Johnson,25,ORL,0.0,1.0,620,0.002,32,35.2,11.9,4.8,5.3,1.8,0.2,0.395,0.333,0.743,3.3,0.142
19,2000,18T,Nikki McCray,28,WAS,0.0,1.0,620,0.002,32,32.7,15.5,1.8,2.7,1.4,0.2,0.434,0.331,0.769,3.1,0.141
20,2000,18T,DeLisha Milton-Jones,25,LAS,0.0,1.0,620,0.002,32,30.7,11.8,6.1,2.1,1.4,0.9,0.512,0.25,0.745,4.7,0.229
21,2000,18T,Sheri Sam,25,MIA,0.0,1.0,620,0.002,31,29.2,12.8,4.3,2.1,1.1,0.2,0.387,0.292,0.67,2.1,0.113
0,2001,1,Lisa Leslie,28,LAS,51.0,563.0,600,0.938,31,33.3,19.5,9.6,2.4,1.1,2.3,0.473,0.367,0.736,7.0,0.327
1,2001,2,Tina Thompson,25,HOU,,355.0,600,0.592,30,36.7,19.3,7.8,1.9,1.0,0.7,0.377,0.293,0.84,5.0,0.216
2,2001,3,Yolanda Griffith,30,SAC,,190.0,600,0.317,32,33.7,16.2,11.2,1.7,2.0,1.2,0.522,,0.72,8.4,0.373
3,2001,4,Katie Smith,26,MIN,,178.0,600,0.297,32,38.6,23.1,3.8,2.2,0.7,0.2,0.393,0.354,0.895,7.5,0.292
4,2001,5,Tari Phillips,30,NYL,,83.0,600,0.138,32,32.8,15.3,8.0,1.1,1.5,0.5,0.507,0.0,0.584,3.9,0.179
5,2001,6,Natalie Williams,30,UTA,,67.0,600,0.112,31,34.3,14.2,9.9,1.8,1.3,0.3,0.49,0.0,0.729,5.1,0.232
6,2001,7,Janeth Arcain,31,HOU,,46.0,600,0.077,32,36.1,18.5,4.3,2.9,1.9,0.1,0.426,0.333,0.9,6.2,0.259
7,2001,8,Merlakia Jones,27,CLE,,34.0,600,0.057,30,33.3,13.5,5.5,1.5,1.0,0.1,0.438,0.265,0.793,4.5,0.217
8,2001,9T,Jennifer Azzi,32,UTA,,8.0,600,0.013,32,37.7,8.6,3.1,5.3,0.7,0.3,0.408,0.514,0.917,3.5,0.138
9,2001,9T,Chamique Holdsclaw,23,WAS,,8.0,600,0.013,29,33.6,16.8,8.8,2.3,1.5,0.5,0.4,0.239,0.682,2.7,0.134
10,2001,11,Debbie Black,34,MIA,,7.0,600,0.012,32,29.6,5.6,3.9,3.8,2.6,0.1,0.374,0.15,0.771,3.4,0.172
11,2001,12T,Elena Baranova,29,MIA,,6.0,600,0.01,32,30.8,11.8,6.0,2.0,1.0,1.8,0.427,0.375,0.93,5.0,0.241
12,2001,12T,Andrea Stinson,33,CHA,,6.0,600,0.01,32,31.4,14.1,4.3,2.8,1.3,0.6,0.484,0.446,0.797,5.4,0.257
13,2001,14,Ticha Penicheiro,26,SAC,,5.0,600,0.008,23,32.3,6.3,3.7,7.5,1.7,0.3,0.339,0.262,0.766,2.3,0.148
14,2001,15,Dawn Staley,30,CHA,,3.0,600,0.005,32,36.0,9.3,2.2,5.6,1.6,0.0,0.381,0.371,0.895,2.3,0.095
15,2001,16,Chasity Melvin,24,CLE,,1.0,600,0.002,27,27.9,9.9,5.7,1.9,0.9,0.6,0.474,1.0,0.698,4.2,0.27
0,2002,1,Sheryl Swoopes,30,HOU,29.0,482.0,600,0.803,32,36.1,18.5,4.9,3.3,2.8,0.7,0.434,0.288,0.825,7.1,0.296
1,2002,2,Lisa Leslie,29,LAS,,380.0,600,0.633,31,34.2,16.9,10.4,2.7,1.5,2.9,0.466,0.324,0.727,5.9,0.269
2,2002,3,Tamika Catchings,22,IND,,356.0,600,0.593,32,36.5,18.6,8.6,3.7,2.9,1.3,0.42,0.396,0.815,9.2,0.378
3,2002,4,Chamique Holdsclaw,24,WAS,,169.0,600,0.282,20,31.7,19.9,11.6,2.3,1.0,0.3,0.452,0.393,0.83,4.5,0.339
4,2002,5,Sue Bird,21,SEA,,75.0,600,0.125,32,35.0,14.4,2.6,6.0,1.7,0.1,0.403,0.401,0.911,4.8,0.206
5,2002,6,Mwadi Mabika,25,LAS,,29.0,600,0.048,32,32.8,16.8,5.2,2.9,1.2,0.3,0.423,0.366,0.839,5.9,0.271
6,2002,7,Shannon Johnson,27,ORL,,28.0,600,0.047,31,35.8,16.1,4.2,5.3,1.6,0.2,0.404,0.273,0.766,4.2,0.183
7,2002,8,Tari Phillips,31,NYL,,21.0,600,0.035,32,31.5,14.1,7.0,1.3,1.8,0.4,0.491,0.0,0.675,3.5,0.168
8,2002,9,Tina Thompson,26,HOU,,19.0,600,0.032,29,36.3,16.7,7.5,2.1,0.9,0.7,0.431,0.37,0.823,4.9,0.222
9,2002,10,Lauren Jackson,20,SEA,,18.0,600,0.03,28,31.5,17.2,6.8,1.5,1.1,2.9,0.403,0.35,0.756,4.6,0.251
10,2002,11,Yolanda Griffith,31,SAC,,9.0,600,0.015,17,33.9,16.9,8.7,1.1,0.9,0.8,0.52,,0.803,3.2,0.27
11,2002,12T,Adrienne Goodson,35,UTA,,5.0,600,0.008,32,34.4,15.7,5.7,2.1,1.4,0.2,0.451,0.286,0.745,3.0,0.129
12,2002,12T,Katie Smith,27,MIN,,5.0,600,0.008,31,36.7,16.5,3.0,2.5,1.0,0.2,0.404,0.33,0.824,4.7,0.2
13,2002,12T,Dawn Staley,31,CHA,,5.0,600,0.008,32,33.2,8.8,1.8,5.1,1.5,0.0,0.366,0.398,0.762,2.2,0.099
14,2002,15T,Jennifer Azzi,33,UTA,,3.0,600,0.005,32,36.0,9.6,2.2,4.9,0.8,0.4,0.46,0.446,0.798,3.5,0.148
15,2002,15T,Sophia Witherspoon,32,LAS,,3.0,600,0.005,31,11.5,5.2,0.9,0.9,0.4,0.1,0.415,0.418,0.761,1.7,0.233
16,2002,17T,Swin Cash,22,DET,,2.0,600,0.003,32,33.7,14.8,6.9,2.7,1.2,1.0,0.408,0.206,0.762,3.9,0.172
17,2002,17T,Margo Dydek,27,UTA,,2.0,600,0.003,30,29.2,13.1,8.7,2.4,0.8,3.6,0.436,0.25,0.844,3.5,0.194
18,2002,19,Ticha Penicheiro,27,SAC,,1.0,600,0.002,24,35.5,8.5,4.3,8.0,2.7,0.0,0.377,0.25,0.728,2.4,0.137
0,2003,1,Lauren Jackson,21,SEA,23.0,406.0,540,0.752,33,33.6,21.2,9.3,1.9,1.2,1.9,0.483,0.317,0.825,9.2,0.4
1,2003,2,Tamika Catchings,23,IND,,242.0,540,0.448,34,35.6,19.7,8.0,3.4,2.1,1.0,0.432,0.387,0.847,8.0,0.318
2,2003,3,Lisa Leslie,30,LAS,,218.0,540,0.404,23,34.4,18.4,10.0,2.0,1.3,2.7,0.442,0.324,0.617,3.2,0.193
3,2003,4,Katie Smith,28,MIN,,173.0,540,0.32,34,34.9,18.2,4.1,2.5,0.7,0.2,0.457,0.39,0.881,6.8,0.274
4,2003,5,Swin Cash,23,DET,,160.0,540,0.296,33,33.2,16.6,5.8,3.6,1.3,0.7,0.453,0.3,0.682,4.9,0.214
5,2003,6,Sheryl Swoopes,31,HOU,,83.0,540,0.154,31,35.0,15.6,4.6,3.9,2.5,0.8,0.403,0.304,0.887,5.3,0.234
6,2003,7,Chamique Holdsclaw,25,WAS,,71.0,540,0.131,27,35.1,20.5,10.9,3.3,1.3,0.6,0.425,0.171,0.903,4.7,0.239
7,2003,8,Tina Thompson,27,HOU,,28.0,540,0.052,28,34.8,16.9,5.9,1.7,0.6,0.8,0.413,0.342,0.779,3.0,0.15
8,2003,9,Yolanda Griffith,32,SAC,,10.0,540,0.019,34,29.9,13.8,7.3,1.4,1.7,1.1,0.485,0.0,0.774,6.3,0.299
9,2003,10,Cheryl Ford,21,DET,,6.0,540,0.011,32,29.9,10.8,10.4,0.8,1.0,1.0,0.474,,0.682,4.0,0.199
10,2003,11,Ticha Penicheiro,28,SAC,,3.0,540,0.006,34,32.0,5.4,3.5,6.7,1.8,0.0,0.302,0.25,0.579,2.1,0.091
11,2003,12T,Tamecka Dixon,27,LAS,,1.0,540,0.002,30,34.7,13.7,4.2,3.0,1.2,0.3,0.437,0.212,0.883,2.8,0.128
12,2003,12T,Shannon Johnson,28,CON,,1.0,540,0.002,34,32.6,12.4,3.9,5.8,1.3,0.1,0.433,0.26,0.731,3.3,0.142
13,2003,12T,Vickie Johnson,30,NYL,,1.0,540,0.002,32,32.6,13.4,3.0,2.3,0.9,0.2,0.458,0.365,0.859,3.6,0.167
14,2003,12T,Dawn Staley,32,CHA,,1.0,540,0.002,34,31.9,7.9,1.7,5.1,1.4,0.1,0.417,0.389,0.836,2.8,0.125
0,2004,1,Lisa Leslie,31,LAS,33.0,425.0,480,0.885,34,33.8,17.6,9.9,2.6,1.5,2.9,0.494,0.273,0.712,6.8,0.283
1,2004,2,Lauren Jackson,22,SEA,,351.0,480,0.731,31,34.5,20.5,6.7,1.6,1.0,2.0,0.478,0.452,0.811,7.9,0.356
2,2004,3T,Diana Taurasi,21,PHO,,126.0,480,0.262,34,33.2,17.0,4.4,3.9,1.3,0.7,0.416,0.33,0.76,4.7,0.2
3,2004,3T,Tina Thompson,28,HOU,,126.0,480,0.262,26,36.3,20.0,6.0,1.8,0.8,0.9,0.402,0.407,0.789,3.7,0.191
4,2004,5,Tamika Catchings,24,IND,,55.0,480,0.115,34,33.8,16.7,7.3,3.4,2.0,1.1,0.385,0.335,0.854,7.2,0.3
5,2004,6,Swin Cash,24,DET,,40.0,480,0.083,32,34.5,16.4,6.5,4.2,1.4,0.9,0.469,0.348,0.721,5.9,0.258
6,2004,7,Nykesha Sales,27,CON,,38.0,480,0.079,34,32.2,15.2,4.0,2.9,2.2,0.2,0.432,0.318,0.727,3.6,0.158
7,2004,8,Yolanda Griffith,33,SAC,,34.0,480,0.071,34,30.3,14.5,7.2,1.2,2.2,1.2,0.519,0.0,0.753,8.0,0.371
8,2004,9,Katie Smith,29,MIN,,21.0,480,0.044,23,34.8,18.8,3.7,2.3,1.0,0.3,0.431,0.432,0.899,4.8,0.288
9,2004,10,Becky Hammon,26,NYL,,12.0,480,0.025,34,33.2,13.5,3.5,4.4,1.7,0.1,0.432,0.335,0.836,3.6,0.151
10,2004,11T,Sue Bird,23,SEA,,6.0,480,0.012,34,33.4,12.9,3.1,5.4,1.5,0.1,0.463,0.438,0.859,6.0,0.254
11,2004,11T,Taj McWilliams-Franklin,33,CON,,6.0,480,0.012,34,33.3,12.1,7.2,1.9,1.4,1.3,0.477,0.0,0.602,3.6,0.154
12,2004,13T,Deanna Nolan,24,DET,,3.0,480,0.006,34,33.5,13.6,3.9,3.3,1.9,0.4,0.382,0.289,0.798,2.7,0.114
13,2004,13T,Dawn Staley,33,CHA,,3.0,480,0.006,34,33.6,8.9,1.7,5.0,1.3,0.1,0.431,0.407,0.759,2.9,0.121
14,2004,15T,Alana Beard,21,WAS,,1.0,480,0.002,34,30.1,13.1,4.2,2.7,2.0,1.0,0.418,0.375,0.718,3.3,0.153
15,2004,15T,Nikki Teasley,24,LAS,,1.0,480,0.002,34,32.5,9.9,3.4,6.1,1.2,0.2,0.388,0.412,0.765,3.5,0.151
0,2005,1,Sheryl Swoopes,33,HOU,16.0,327.0,500,0.654,33,37.1,18.6,3.6,4.3,2.0,0.8,0.447,0.36,0.85,7.1,0.279
1,2005,2,Lauren Jackson,23,SEA,20.0,325.0,500,0.65,34,34.6,17.6,9.2,1.7,1.1,2.0,0.458,0.288,0.834,8.2,0.334
2,2005,3,Tamika Catchings,25,IND,,238.0,500,0.476,34,34.5,14.7,7.8,4.2,2.6,0.5,0.383,0.285,0.788,7.1,0.289
3,2005,4,Yolanda Griffith,34,SAC,,149.0,500,0.298,34,28.3,13.8,6.6,1.5,1.2,0.9,0.485,,0.707,6.4,0.321
4,2005,5,Taj McWilliams-Franklin,34,CON,,128.0,500,0.256,34,31.9,13.9,7.3,1.9,1.1,0.7,0.495,0.222,0.787,6.3,0.278
5,2005,6,Nykesha Sales,28,CON,,41.0,500,0.082,34,31.6,15.6,3.6,2.2,1.8,0.3,0.417,0.422,0.75,4.5,0.2
6,2005,7,Lisa Leslie,32,LAS,,21.0,500,0.042,34,32.2,15.2,7.3,2.6,2.0,2.1,0.44,0.206,0.586,3.5,0.154
7,2005,8,Deanna Nolan,25,DET,,18.0,500,0.036,33,36.8,15.9,4.7,3.7,1.7,0.4,0.398,0.311,0.8,4.4,0.176
8,2005,9T,Chamique Holdsclaw,27,LAS,,17.0,500,0.034,33,35.8,17.0,6.8,3.2,1.2,0.5,0.48,0.231,0.788,4.8,0.195
9,2005,9T,Diana Taurasi,22,PHO,,17.0,500,0.034,33,33.0,16.0,4.2,4.5,1.2,0.8,0.41,0.313,0.801,3.9,0.173
10,2005,11,Lindsay Whalen,22,CON,,11.0,500,0.022,34,30.8,12.1,3.8,5.1,1.2,0.1,0.466,0.348,0.801,5.3,0.241
11,2005,12,Becky Hammon,27,NYL,,7.0,500,0.014,34,34.3,13.9,3.4,4.3,1.8,0.1,0.432,0.365,0.901,4.9,0.202
12,2005,13,Sue Bird,24,SEA,,1.0,500,0.002,30,34.0,12.1,2.4,5.9,1.0,0.2,0.442,0.437,0.855,3.4,0.16
0,2006,1,Lisa Leslie,33,LAS,40.0,508.0,550,0.924,34,30.8,20.0,9.5,3.2,1.5,1.7,0.511,0.4,0.65,6.4,0.291
1,2006,2,Diana Taurasi,23,PHO,,211.0,550,0.384,34,33.9,25.3,3.6,4.1,1.2,0.8,0.452,0.397,0.781,6.8,0.283
2,2006,3,Katie Douglas,26,CON,,208.0,550,0.378,32,31.3,16.4,3.8,2.5,1.9,0.1,0.443,0.422,0.839,5.6,0.268
3,2006,4,Lauren Jackson,24,SEA,,193.0,550,0.351,30,28.4,19.4,7.6,1.6,0.8,1.7,0.535,0.377,0.899,8.8,0.497
4,2006,5,Tamika Catchings,26,IND,,181.0,550,0.329,32,33.5,16.3,7.5,3.7,2.9,1.1,0.407,0.299,0.809,7.7,0.345
5,2006,6,Cheryl Ford,24,DET,,59.0,550,0.107,32,28.7,13.8,11.3,1.4,1.2,0.8,0.498,,0.648,6.6,0.344
6,2006,7,Alana Beard,23,WAS,,26.0,550,0.047,32,31.3,19.2,4.7,3.1,1.8,0.8,0.495,0.363,0.758,5.3,0.253
7,2006,8,Taj McWilliams-Franklin,35,CON,,18.0,550,0.033,32,31.1,12.8,9.6,2.5,1.1,1.0,0.498,0.125,0.736,5.2,0.252
8,2006,9,Sheryl Swoopes,34,HOU,,15.0,550,0.027,31,35.8,15.5,5.9,3.7,2.1,0.3,0.413,0.278,0.764,4.4,0.19
9,2006,10,Seimone Augustus,21,MIN,,12.0,550,0.022,34,33.1,21.9,3.8,1.5,0.6,0.5,0.456,0.353,0.897,3.9,0.166
10,2006,11,Tina Thompson,30,HOU,,5.0,550,0.009,21,33.1,18.7,5.6,2.2,1.0,0.6,0.457,0.417,0.804,3.7,0.254
11,2006,12,Sue Bird,25,SEA,,4.0,550,0.007,34,31.4,11.4,3.0,4.8,1.8,0.1,0.411,0.366,0.868,3.6,0.162
0,2007,1,Lauren Jackson,25,SEA,42.0,473.0,480,0.985,31,32.9,23.8,9.7,1.3,1.0,2.0,0.519,0.402,0.883,9.5,0.448
1,2007,2,Becky Hammon,29,SAS,,254.0,480,0.529,28,33.4,18.8,2.8,5.0,0.8,0.2,0.445,0.404,0.931,3.7,0.19
2,2007,3,Diana Taurasi,24,PHO,,144.0,480,0.3,32,32.0,19.2,4.2,4.3,1.4,1.1,0.44,0.367,0.835,4.5,0.213
3,2007,4,Tamika Catchings,27,IND,,142.0,480,0.296,21,32.3,16.6,9.0,4.7,3.1,1.0,0.417,0.311,0.82,5.5,0.39
4,2007,5,Deanna Nolan,27,DET,,93.0,480,0.194,34,34.6,16.3,4.4,3.9,1.4,0.4,0.46,0.393,0.823,5.4,0.221
5,2007,6,Penny Taylor,25,PHO,,48.0,480,0.1,34,29.7,17.8,6.3,2.9,1.5,0.6,0.499,0.378,0.884,6.4,0.306
6,2007,7,Katie Douglas,27,CON,,27.0,480,0.056,34,33.3,17.0,4.6,3.7,1.9,0.3,0.428,0.338,0.779,4.8,0.201
7,2007,8,Seimone Augustus,22,MIN,,20.0,480,0.042,34,32.1,22.6,4.0,2.3,1.2,0.6,0.508,0.419,0.873,6.1,0.269
8,2007,9,Sophia Young-Malcolm,23,SAS,,8.0,480,0.017,33,33.5,16.8,5.8,1.5,1.5,0.4,0.478,0.0,0.749,5.1,0.219
9,2007,10,Alana Beard,24,WAS,,6.0,480,0.012,33,35.4,18.8,4.2,3.0,1.9,0.7,0.416,0.322,0.847,3.9,0.16
10,2007,11,Swin Cash,27,DET,,5.0,480,0.01,31,30.9,11.1,6.1,2.5,0.6,0.4,0.41,0.0,0.76,2.2,0.111
11,2007,12,Tina Thompson,31,HOU,,3.0,480,0.006,34,36.3,18.8,6.7,2.8,0.9,0.7,0.42,0.4,0.834,4.5,0.175
12,2007,13,Cheryl Ford,25,DET,,2.0,480,0.004,15,30.7,13.0,11.2,1.5,1.9,0.7,0.497,,0.639,2.3,0.241
13,2007,14T,Candice Dupree,22,CHI,,1.0,480,0.002,33,32.7,16.5,7.7,1.4,0.9,1.2,0.446,0.0,0.775,3.3,0.146
14,2007,14T,Asjha Jones,26,CON,,1.0,480,0.002,30,31.4,15.3,6.1,2.5,0.8,0.8,0.449,0.083,0.766,1.9,0.099
15,2007,14T,Jia Perkins,24,CHI,,1.0,480,0.002,33,23.1,11.7,3.3,2.3,1.5,0.2,0.464,0.433,0.774,3.3,0.207
0,2008,1,Candace Parker,21,LAS,,276.79,300,0.923,33,33.6,18.5,9.5,3.4,1.3,2.3,0.523,0.423,0.733,7.7,0.333
1,2008,2,Lindsay Whalen,25,CON,,242.08,300,0.807,31,29.3,14.0,5.6,5.4,1.5,0.0,0.461,0.338,0.803,6.4,0.339
2,2008,3,Sue Bird,27,SEA,,218.51,300,0.728,33,33.7,14.1,2.5,5.1,1.2,0.1,0.441,0.343,0.871,4.2,0.18
3,2008,4,Sophia Young-Malcolm,24,SAS,,169.62,300,0.565,33,31.9,17.5,5.6,2.3,1.6,0.5,0.478,0.0,0.786,6.2,0.284
4,2008,5,Diana Taurasi,25,PHO,,148.98,300,0.497,34,31.9,24.1,5.1,3.6,1.4,1.4,0.446,0.36,0.87,7.4,0.327
5,2008,6,Becky Hammon,30,SAS,,131.75,300,0.439,33,33.4,17.6,2.8,4.9,1.3,0.2,0.39,0.35,0.937,5.0,0.22
6,2008,7,Lisa Leslie,35,LAS,,58.23,300,0.194,33,32.1,15.1,8.9,2.4,1.5,2.9,0.463,0.235,0.661,4.2,0.188
7,2008,8,Deanna Nolan,28,DET,,53.84,300,0.179,34,33.6,15.8,3.9,4.4,1.2,0.3,0.465,0.374,0.863,5.3,0.223
8,2008,9,Asjha Jones,27,CON,,42.32,300,0.141,33,29.2,17.0,6.1,2.5,0.6,0.8,0.484,0.217,0.791,4.8,0.238
9,2008,10,Lauren Jackson,26,SEA,,41.79,300,0.139,21,33.0,20.2,7.0,1.2,1.5,1.6,0.452,0.295,0.934,4.8,0.329
10,2008,11,Seimone Augustus,23,MIN,,27.16,300,0.091,31,33.6,19.1,3.9,2.7,1.0,0.4,0.47,0.317,0.89,4.3,0.198
11,2008,12,Tina Thompson,32,HOU,,26.78,300,0.089,30,35.8,18.1,6.9,2.2,1.1,0.7,0.413,0.406,0.859,2.8,0.126
12,2008,13,Katie Smith,33,DET,,15.57,300,0.052,34,33.9,14.7,2.8,4.0,0.9,0.1,0.383,0.36,0.887,4.3,0.181
13,2008,14,Cappie Pondexter,25,PHO,,13.58,300,0.045,32,31.3,21.2,3.7,4.2,1.2,0.2,0.413,0.313,0.846,3.3,0.16
14,2008,15,Tamika Catchings,28,IND,,12.38,300,0.041,25,27.8,13.3,6.3,3.3,2.0,0.4,0.391,0.432,0.8,4.0,0.276
15,2008,16,Janel McCarville,25,NYL,,8.39,300,0.028,31,26.3,13.7,5.4,2.1,1.5,0.8,0.535,0.0,0.774,4.4,0.259
16,2008,17,Sylvia Fowles,22,CHI,,7.83,300,0.026,17,25.3,10.5,7.5,0.3,1.1,2.1,0.52,,0.585,1.2,0.132
17,2008,18,Swin Cash,28,SEA,,6.35,300,0.021,31,29.9,11.3,5.4,1.9,0.7,1.0,0.389,0.125,0.772,2.4,0.125
18,2008,19,Kara Lawson,26,SAC,,6.13,300,0.02,32,25.9,12.2,2.6,2.1,0.9,0.1,0.405,0.432,0.914,3.1,0.178
19,2008,20,DeLisha Milton-Jones,33,LAS,,5.46,300,0.018,31,32.8,13.9,6.3,2.4,1.1,0.6,0.48,0.358,0.774,3.4,0.16
20,2008,21,Candice Wiggins,20,MIN,,5.1,300,0.017,30,27.5,15.7,3.2,3.0,1.8,0.2,0.403,0.306,0.817,4.5,0.26
21,2008,22,Katie Douglas,28,IND,,4.79,300,0.016,33,34.4,15.6,4.1,3.2,1.6,0.3,0.371,0.324,0.799,3.2,0.137
22,2008,23,Betty Lennox,31,ATL,,4.69,300,0.016,34,29.7,17.5,4.2,2.4,1.3,0.1,0.415,0.358,0.855,1.6,0.077
23,2008,24,Ann Wauters,27,SAS,,3.86,300,0.013,32,30.6,14.7,7.5,1.8,1.1,1.2,0.533,0.355,0.714,4.8,0.234
24,2008,25,Alana Beard,25,WAS,,3.11,300,0.01,33,33.1,16.1,3.6,3.5,1.7,0.6,0.395,0.354,0.733,2.3,0.103
0,2009,1,Diana Taurasi,26,PHO,27.0,323.0,390,0.828,31,31.5,20.4,5.7,3.5,1.2,1.4,0.461,0.407,0.894,5.4,0.267
1,2009,2,Tamika Catchings,29,IND,3.0,163.0,390,0.418,34,31.9,15.1,7.2,3.1,2.9,0.5,0.386,0.328,0.873,6.1,0.27
2,2009,3,Katie Douglas,29,IND,5.0,128.0,390,0.328,31,32.4,17.6,3.9,2.7,1.8,0.2,0.41,0.349,0.861,4.3,0.205
3,2009,4,Cappie Pondexter,26,PHO,1.0,99.0,390,0.254,34,31.6,19.1,4.2,5.0,0.9,0.4,0.46,0.358,0.881,4.5,0.202
4,2009,5,Becky Hammon,31,SAS,3.0,77.0,390,0.197,31,33.8,19.5,3.3,5.0,1.6,0.4,0.447,0.369,0.901,4.5,0.205
5,2009,6,Lauren Jackson,27,SEA,0.0,73.0,390,0.187,26,32.4,19.2,7.0,0.8,1.5,1.7,0.463,0.43,0.797,5.9,0.334
6,2009,7,Candace Parker,22,LAS,0.0,39.0,390,0.1,25,32.6,13.1,9.8,2.6,0.6,2.1,0.485,0.208,0.763,3.8,0.223
7,2009,8,Deanna Nolan,29,DET,0.0,27.0,390,0.069,33,33.7,16.9,4.3,3.5,1.3,0.3,0.408,0.325,0.784,3.4,0.148
8,2009,9,Sue Bird,28,SEA,0.0,10.0,390,0.026,31,35.5,12.8,2.5,5.8,1.5,0.1,0.408,0.36,0.854,3.1,0.134
9,2009,10,Lisa Leslie,36,LAS,0.0,9.0,390,0.023,23,27.7,15.4,6.6,2.1,0.7,1.4,0.518,0.167,0.722,3.0,0.228
10,2009,11,Sophia Young-Malcolm,25,SAS,0.0,8.0,390,0.021,33,33.7,18.2,6.5,1.6,1.3,0.5,0.454,0.309,0.767,4.2,0.183
11,2009,12,Sancho Lyttle,25,ATL,0.0,7.0,390,0.018,34,27.4,13.0,7.5,1.5,2.0,0.6,0.507,0.0,0.743,4.6,0.235
12,2009,13T,Alana Beard,26,WAS,0.0,1.0,390,0.003,31,31.8,15.9,4.0,2.2,2.3,0.6,0.429,0.299,0.737,2.5,0.122
13,2009,13T,Candice Dupree,24,CHI,0.0,1.0,390,0.003,34,34.9,15.7,7.9,2.2,1.0,1.2,0.429,0.387,0.785,2.8,0.112
14,2009,13T,Sylvia Fowles,23,CHI,0.0,1.0,390,0.003,24,28.8,11.3,7.8,0.8,0.9,1.5,0.599,,0.646,1.5,0.102
0,2010,1,Lauren Jackson,28,SEA,22.0,323.0,370,0.873,32,31.0,20.5,8.3,1.2,0.9,1.2,0.462,0.346,0.91,8.3,0.4
1,2010,2,Tamika Catchings,30,IND,10.0,262.0,370,0.708,34,31.4,18.2,7.1,4.0,2.3,0.9,0.484,0.448,0.849,7.9,0.355
2,2010,3,Cappie Pondexter,27,NYL,5.0,207.0,370,0.559,34,34.3,21.4,4.5,4.9,0.9,0.1,0.483,0.43,0.892,7.3,0.302
3,2010,4,Diana Taurasi,27,PHO,,73.0,370,0.197,31,32.2,22.6,4.3,4.7,1.2,0.6,0.427,0.374,0.912,3.8,0.185
4,2010,5,Crystal Langhorne,23,WAS,,54.0,370,0.146,34,34.1,16.3,9.7,1.1,0.9,0.2,0.589,0.167,0.772,6.5,0.269
5,2010,6,Angel McCoughtry,23,ATL,,41.0,370,0.111,34,30.7,21.1,4.9,3.1,1.9,0.6,0.408,0.262,0.803,4.1,0.19
6,2010,7,Tina Charles,21,CON,,19.0,370,0.051,34,31.0,15.5,11.7,1.5,0.7,1.7,0.487,0.0,0.763,5.2,0.236
7,2010,8,Sue Bird,29,SEA,,14.0,370,0.038,33,30.5,11.1,2.7,5.8,1.5,0.2,0.434,0.399,0.857,5.0,0.237
8,2010,9,Tina Thompson,34,LAS,,6.0,370,0.016,33,33.2,16.6,6.2,1.8,1.2,0.7,0.446,0.352,0.872,2.9,0.129
9,2010,10,Penny Taylor,28,PHO,,3.0,370,0.008,32,30.0,15.9,4.4,5.0,1.5,0.3,0.509,0.442,0.893,4.5,0.226
0,2011,1,Tamika Catchings,31,IND,21.0,292.0,390,0.749,33,31.5,15.5,7.1,3.5,2.0,0.9,0.438,0.348,0.883,6.5,0.298
1,2011,2,Tina Charles,22,CON,6.0,209.0,390,0.536,34,33.4,17.6,11.0,1.9,0.8,1.8,0.468,0.0,0.687,4.9,0.208
2,2011,3,Sylvia Fowles,25,CHI,6.0,148.0,390,0.379,34,34.6,20.0,10.2,0.6,1.2,2.0,0.591,,0.766,7.4,0.303
3,2011,4,Sue Bird,30,SEA,2.0,106.0,390,0.272,34,33.0,14.7,2.9,4.9,1.4,0.2,0.449,0.428,0.875,5.3,0.227
4,2011,5,Lindsay Whalen,28,MIN,4.0,104.0,390,0.267,34,28.1,13.6,3.5,5.9,1.1,0.1,0.511,0.405,0.73,5.7,0.287
5,2011,6,Angel McCoughtry,24,ATL,,70.0,390,0.179,33,27.9,21.6,5.2,2.5,2.2,1.0,0.424,0.264,0.777,4.7,0.247
6,2011,7,Diana Taurasi,28,PHO,,65.0,390,0.167,32,30.2,21.6,3.2,3.6,0.8,0.6,0.449,0.395,0.903,5.1,0.255
7,2011,8,Seimone Augustus,26,MIN,,33.0,390,0.085,34,29.3,16.2,3.5,2.2,0.9,0.4,0.504,0.417,0.865,5.4,0.258
8,2011,9,Becky Hammon,33,SAS,,18.0,390,0.046,33,31.8,15.9,2.9,5.8,1.5,0.2,0.44,0.389,0.892,3.7,0.168
9,2011,10,Penny Taylor,29,PHO,,10.0,390,0.026,29,29.8,16.7,4.9,4.7,1.7,0.4,0.511,0.402,0.874,5.4,0.298
10,2011,11,Cappie Pondexter,28,NYL,,9.0,390,0.023,34,33.9,17.4,4.1,4.7,1.3,0.3,0.402,0.345,0.813,4.2,0.175
11,2011,12,Candace Parker,24,LAS,,5.0,390,0.013,17,32.6,18.5,8.6,2.8,1.2,1.6,0.511,0.419,0.736,3.0,0.261
12,2011,13T,Rebekkah Brunson,29,MIN,,1.0,390,0.003,34,27.6,10.2,8.9,1.2,0.8,0.5,0.511,,0.667,4.5,0.23
13,2011,13T,Maya Moore,21,MIN,,1.0,390,0.003,34,28.0,13.2,4.6,2.6,1.4,0.5,0.439,0.369,0.788,5.3,0.268
0,2012,1,Tina Charles,23,CON,25.0,345.0,390,0.885,33,33.2,18.0,10.5,1.7,0.5,1.4,0.499,0.2,0.802,5.5,0.24
1,2012,2,Candace Parker,25,LAS,7.0,253.0,390,0.649,33,30.7,17.4,9.7,3.3,1.5,2.3,0.481,0.322,0.71,5.7,0.269
2,2012,3,Tamika Catchings,32,IND,7.0,210.0,390,0.538,34,30.5,17.4,7.6,3.1,2.1,0.9,0.432,0.379,0.864,7.8,0.361
3,2012,4,Maya Moore,22,MIN,,128.0,390,0.328,34,29.7,16.4,6.0,3.6,1.5,0.6,0.465,0.388,0.879,7.4,0.35
4,2012,5,Seimone Augustus,27,MIN,,42.0,390,0.108,29,28.5,16.6,3.6,2.5,0.9,0.2,0.491,0.437,0.852,4.3,0.251
5,2012,6,Angel McCoughtry,25,ATL,,27.0,390,0.069,24,29.9,21.4,5.0,2.9,2.5,1.1,0.447,0.337,0.8,3.6,0.241
6,2012,7,Cappie Pondexter,29,NYL,,23.0,390,0.059,34,34.2,20.4,4.5,4.3,1.3,0.2,0.435,0.327,0.867,4.6,0.19
7,2012,8,Sophia Young-Malcolm,28,SAS,,18.0,390,0.046,33,31.8,16.3,7.2,2.1,2.2,0.4,0.521,0.0,0.706,5.8,0.266
8,2012,9T,Sue Bird,31,SEA,,10.0,390,0.026,29,31.0,12.2,2.9,5.3,0.9,0.1,0.459,0.384,0.783,3.5,0.187
9,2012,9T,Sylvia Fowles,26,CHI,,10.0,390,0.026,25,31.1,16.2,10.4,0.8,1.3,1.2,0.638,,0.692,5.5,0.342
10,2012,11T,Lindsey Harding,27,ATL,,7.0,390,0.018,34,30.6,12.3,2.8,4.5,1.4,0.2,0.425,0.241,0.818,3.4,0.155
11,2012,11T,Kristi Toliver,25,LAS,,7.0,390,0.018,34,31.5,17.5,3.2,4.9,1.3,0.1,0.491,0.424,0.901,5.6,0.25
12,2012,13,Kara Lawson,30,CON,,2.0,390,0.005,34,31.4,15.1,3.9,4.0,0.8,0.1,0.493,0.43,0.935,6.4,0.29
13,2012,14T,DeWanna Bonner,24,PHO,,1.0,390,0.003,32,35.0,20.6,7.2,2.2,1.7,0.9,0.364,0.283,0.852,3.2,0.137
14,2012,14T,Epiphanny Prince,24,CHI,,1.0,390,0.003,26,30.0,18.1,3.5,3.1,1.8,0.3,0.442,0.407,0.899,5.2,0.321
15,2012,14T,Lindsay Whalen,29,MIN,,1.0,390,0.003,33,27.0,11.5,4.2,5.4,0.7,0.2,0.505,0.5,0.727,4.7,0.251
0,2013,1,Candace Parker,26,LAS,10.0,234.0,350,0.669,31,28.7,17.9,8.7,3.8,1.3,1.8,0.493,0.257,0.762,6.5,0.353
1,2013,2,Maya Moore,23,MIN,10.0,218.0,350,0.623,34,31.4,18.5,6.2,3.0,1.7,1.0,0.509,0.453,0.882,8.5,0.381
2,2013,3,Elena Delle Donne,23,CHI,7.0,189.0,350,0.54,30,31.4,18.1,5.6,1.8,0.7,1.8,0.426,0.438,0.929,6.5,0.334
3,2013,4,Sylvia Fowles,27,CHI,6.0,109.0,350,0.311,32,31.3,16.3,11.5,0.4,0.9,2.4,0.586,,0.685,7.2,0.346
4,2013,5,Angel McCoughtry,26,ATL,2.0,90.0,350,0.257,33,31.4,21.5,5.3,4.4,2.7,0.7,0.413,0.204,0.824,4.8,0.222
5,2013,6,Diana Taurasi,30,PHO,,69.0,350,0.197,32,32.3,20.3,4.2,6.2,0.7,0.5,0.456,0.347,0.854,5.6,0.259
6,2013,7,Tamika Catchings,33,IND,,43.0,350,0.123,30,31.4,17.7,7.1,2.4,2.8,1.0,0.396,0.321,0.861,6.2,0.315
7,2013,8,Lindsay Whalen,30,MIN,,34.0,350,0.097,34,29.6,14.9,4.4,5.8,0.8,0.1,0.486,0.111,0.783,5.3,0.251
8,2013,9,Tina Thompson,37,SEA,,13.0,350,0.037,34,28.7,14.1,5.8,1.1,0.5,0.6,0.41,0.37,0.874,4.3,0.21
9,2013,10,Lindsey Harding,28,LAS,,7.0,350,0.02,33,30.6,10.9,2.7,5.2,1.0,0.4,0.441,0.182,0.759,2.7,0.127
10,2013,11,Nneka Ogwumike,22,LAS,,5.0,350,0.014,34,25.8,14.6,7.6,1.3,1.5,1.0,0.566,0.4,0.826,6.5,0.358
11,2013,12T,Seimone Augustus,28,MIN,,1.0,350,0.003,31,29.7,16.3,3.2,2.5,0.6,0.6,0.516,0.29,0.879,4.5,0.236
12,2013,12T,DeWanna Bonner,25,PHO,,1.0,350,0.003,34,32.9,14.5,5.8,2.4,1.1,0.3,0.41,0.325,0.901,4.0,0.173
13,2013,12T,Tina Charles,24,CON,,1.0,350,0.003,29,32.8,18.0,10.1,1.4,0.9,1.0,0.4,0.0,0.752,1.8,0.089
0,2014,1,Maya Moore,24,MIN,35.0,371.0,380,0.976,34,34.7,23.9,8.1,3.4,1.9,0.8,0.481,0.335,0.884,8.3,0.339
1,2014,2,Diana Taurasi,31,PHO,2.0,242.0,380,0.637,33,30.8,16.2,3.8,5.6,0.7,0.3,0.454,0.365,0.874,5.6,0.266
2,2014,3,Angel McCoughtry,27,ATL,0.0,112.0,380,0.295,31,31.4,18.5,5.2,3.6,2.4,0.4,0.42,0.295,0.809,3.4,0.166
3,2014,4,Candace Parker,27,LAS,0.0,91.0,380,0.239,30,33.2,19.4,7.1,4.3,1.8,1.4,0.469,0.306,0.846,5.2,0.253
4,2014,5,Brittney Griner,23,PHO,1.0,67.0,380,0.176,34,30.7,15.6,8.0,1.6,0.6,3.8,0.578,,0.802,6.8,0.311
0,2015,1,Elena Delle Donne,25,CHI,38.0,385.0,390,0.987,31,33.3,23.4,8.4,1.4,1.1,2.0,0.46,0.313,0.95,8.9,0.415
1,2015,2,Maya Moore,25,MIN,1.0,246.0,390,0.631,33,33.4,20.6,6.7,3.5,1.7,0.8,0.42,0.359,0.855,6.5,0.282
2,2015,3,Tina Charles,26,NYL,0.0,181.0,390,0.464,34,31.0,17.1,8.5,2.4,0.7,0.7,0.458,0.2,0.715,4.2,0.189
3,2015,4,Brittney Griner,24,PHO,0.0,70.0,390,0.179,26,30.7,15.1,8.1,1.3,0.3,4.0,0.565,,0.773,4.8,0.291
4,2015,5,Candace Parker,28,LAS,0.0,57.0,390,0.146,16,34.4,19.4,10.1,6.3,1.9,1.8,0.489,0.279,0.815,3.9,0.34
5,2015,6,DeWanna Bonner,27,PHO,0.0,29.0,390,0.074,33,33.3,15.8,5.7,3.3,1.3,0.8,0.378,0.254,0.866,5.0,0.218
6,2015,7,Epiphanny Prince,27,NYL,0.0,13.0,390,0.033,24,28.6,15.0,2.9,3.4,2.0,0.2,0.467,0.356,0.9,4.3,0.3
7,2015,8,Angel McCoughtry,28,ATL,0.0,10.0,390,0.026,34,30.0,20.1,5.3,2.8,2.1,0.5,0.413,0.363,0.805,4.3,0.2
8,2015,9,Courtney Vandersloot,25,CHI,0.0,7.0,390,0.018,34,29.9,11.4,3.4,5.8,1.3,0.5,0.463,0.356,0.901,4.3,0.203
9,2015,10,Nneka Ogwumike,24,LAS,0.0,1.0,390,0.003,24,32.7,15.8,7.0,2.1,1.0,0.5,0.525,0.083,0.866,3.7,0.229
0,2016,1,Nneka Ogwumike,25,LAS,31.0,362.0,390,0.928,33,31.6,19.7,9.1,3.1,1.3,1.2,0.665,0.615,0.869,9.6,0.444
1,2016,2,Tina Charles,27,NYL,8.0,267.0,390,0.685,32,33.7,21.5,9.9,3.8,0.8,0.8,0.439,0.347,0.812,4.7,0.212
2,2016,3,Maya Moore,26,MIN,0.0,197.0,390,0.505,34,29.7,19.3,5.1,4.2,1.6,0.7,0.448,0.404,0.868,6.6,0.315
3,2016,4,Elena Delle Donne,26,CHI,0.0,119.0,390,0.305,28,33.1,21.5,7.0,1.9,0.6,1.5,0.485,0.426,0.935,5.4,0.281
4,2016,5,Candace Parker,29,LAS,0.0,30.0,390,0.077,34,30.8,15.3,7.4,4.9,1.4,1.0,0.442,0.382,0.707,4.0,0.185
5,2016,6,Breanna Stewart,21,SEA,0.0,24.0,390,0.062,34,34.7,18.3,9.3,3.4,1.2,1.9,0.457,0.338,0.833,5.7,0.232
6,2016,7,Angel McCoughtry,29,ATL,0.0,11.0,390,0.028,33,30.0,19.5,5.7,2.8,1.6,0.7,0.434,0.302,0.788,3.4,0.164
7,2016,8,Tamika Catchings,36,IND,0.0,4.0,390,0.01,34,24.8,12.7,4.8,1.9,1.8,0.3,0.433,0.35,0.862,4.0,0.229
8,2016,10,Sue Bird,35,SEA,0.0,1.0,390,0.003,34,31.6,12.8,2.9,5.8,1.0,0.2,0.449,0.444,0.786,2.9,0.13
9,2016,9,Diana Taurasi,33,PHO,0.0,1.0,390,0.003,33,29.8,17.8,3.0,3.9,0.9,0.1,0.396,0.35,0.909,3.0,0.146
0,2017,1,Sylvia Fowles,31,MIN,35.0,385.0,400,0.962,34,30.8,18.9,10.4,1.5,1.3,2.0,0.655,,0.768,9.2,0.42
1,2017,2,Tina Charles,28,NYL,3.0,197.0,400,0.492,34,32.2,19.7,9.4,2.6,0.8,0.7,0.442,0.348,0.804,4.7,0.206
2,2017,3,Candace Parker,30,LAS,2.0,132.0,400,0.33,33,30.5,16.9,8.4,4.3,1.5,1.7,0.478,0.354,0.756,5.8,0.274
3,2017,4,Nneka Ogwumike,26,LAS,0.0,89.0,400,0.222,34,30.9,18.8,7.7,2.1,1.9,0.5,0.561,0.34,0.87,8.4,0.385
4,2017,5,Jonquel Jones,23,CON,0.0,88.0,400,0.22,34,28.5,15.4,11.9,1.5,0.9,1.5,0.534,0.446,0.818,7.2,0.356
5,2017,6,Brittney Griner,26,PHO,0.0,82.0,400,0.205,26,31.5,21.9,7.6,1.9,0.7,2.5,0.577,,0.812,5.4,0.315
6,2017,7,Elena Delle Donne,27,WAS,0.0,11.0,400,0.028,25,30.3,19.7,6.8,1.6,0.8,1.4,0.494,0.388,0.953,5.4,0.345
7,2017,8,Maya Moore,27,MIN,0.0,9.0,400,0.022,34,31.3,17.3,5.0,3.5,1.9,0.4,0.442,0.411,0.858,6.9,0.309
8,2017,9,Skylar Diggins,26,DAL,0.0,7.0,400,0.018,34,34.2,18.5,3.5,5.8,1.3,0.8,0.422,0.35,0.894,4.6,0.19
9,2017,10T,Breanna Stewart,22,SEA,0.0,2.0,400,0.005,33,32.9,19.9,8.7,2.7,1.2,1.6,0.475,0.371,0.787,5.3,0.236
10,2017,10T,Courtney Vandersloot,27,CHI,0.0,2.0,400,0.005,27,30.3,11.5,3.7,8.1,1.2,0.2,0.516,0.382,0.861,2.5,0.149
11,2017,12,Diana Taurasi,34,PHO,0.0,1.0,400,0.002,31,28.5,17.9,3.0,2.7,0.5,0.3,0.4,0.384,0.912,3.3,0.181
0,2018,1,Breanna Stewart,23,SEA,33.0,372.0,390,0.954,34,31.6,21.8,8.4,2.5,1.4,1.4,0.529,0.415,0.82,7.7,0.346
1,2018,2,Liz Cambage,26,DAL,4.0,231.0,390,0.592,32,29.5,23.0,9.7,2.3,0.5,1.7,0.589,0.324,0.738,6.2,0.313
2,2018,3,Elena Delle Donne,28,WAS,2.0,206.0,390,0.528,29,32.2,20.7,7.2,2.3,0.9,1.4,0.488,0.405,0.887,5.9,0.303
3,2018,4,Candace Parker,31,LAS,0.0,60.0,390,0.154,31,30.6,17.9,8.2,4.7,1.2,1.1,0.471,0.345,0.808,4.6,0.234
4,2018,5,Diana Taurasi,35,PHO,0.0,48.0,390,0.123,33,30.0,20.7,3.5,5.3,0.9,0.2,0.446,0.383,0.925,5.6,0.272
5,2018,6,Tiffany Hayes,28,ATL,0.0,46.0,390,0.118,31,28.9,17.2,3.6,2.7,1.2,0.2,0.441,0.321,0.817,4.1,0.22
6,2018,7T,Sylvia Fowles,32,MIN,0.0,11.0,390,0.028,34,32.0,17.7,11.9,2.2,1.4,1.2,0.619,,0.757,6.6,0.292
7,2018,7T,A'ja Wilson,21,LVA,0.0,11.0,390,0.028,33,30.6,20.7,8.0,2.2,0.8,1.7,0.462,,0.774,4.4,0.21
8,2018,9,Maya Moore,28,MIN,0.0,8.0,390,0.021,34,31.8,18.0,5.1,2.6,1.7,0.4,0.423,0.365,0.833,4.1,0.18
9,2018,10,Kayla McBride,25,LVA,0.0,7.0,390,0.018,31,32.3,18.2,3.9,3.5,1.1,0.1,0.449,0.393,0.917,3.0,0.143
10,2018,11,Courtney Vandersloot,28,CHI,0.0,5.0,390,0.013,30,31.8,12.5,3.7,8.6,1.3,0.6,0.489,0.398,0.826,2.3,0.117
11,2018,12T,Sue Bird,37,SEA,0.0,4.0,390,0.01,31,26.6,10.1,1.7,7.1,1.1,0.1,0.466,0.448,0.828,3.9,0.23
12,2018,12T,Brittney Griner,27,PHO,0.0,4.0,390,0.01,34,32.6,20.5,7.7,2.1,0.5,2.6,0.544,0.25,0.8,5.2,0.225
13,2018,14,Angel McCoughtry,31,ATL,0.0,1.0,390,0.003,29,27.6,16.5,6.0,3.0,1.3,0.6,0.42,0.276,0.836,2.4,0.145
0,2019,1,Elena Delle Donne,29,WAS,41.0,420.0,430,0.977,31,29.1,19.5,8.2,2.2,0.6,1.3,0.515,0.43,0.974,7.7,0.411
1,2019,2,Brittney Griner,28,PHO,0.0,167.0,430,0.388,31,32.8,20.7,7.2,2.4,0.7,2.0,0.564,0.333,0.808,5.0,0.238
2,2019,3,Jonquel Jones,25,CON,0.0,145.0,430,0.337,34,28.8,14.6,9.7,1.5,1.3,2.0,0.448,0.309,0.818,5.6,0.276
3,2019,4,Nneka Ogwumike,28,LAS,0.0,128.0,430,0.298,32,27.9,16.1,8.8,1.8,1.9,0.5,0.51,0.338,0.828,5.5,0.298
4,2019,5,Natasha Howard,27,SEA,0.0,121.0,430,0.281,34,31.4,18.1,8.2,2.1,2.2,1.7,0.439,0.308,0.81,4.6,0.207
5,2019,6,Courtney Vandersloot,29,CHI,2.0,81.0,430,0.188,33,30.0,11.2,4.3,9.1,1.4,0.5,0.452,0.29,0.85,4.1,0.199
6,2019,7,DeWanna Bonner,31,PHO,0.0,15.0,430,0.035,34,32.9,17.2,7.6,2.7,1.3,0.6,0.377,0.272,0.916,4.0,0.173
7,2019,8,A'ja Wilson,22,LVA,0.0,10.0,430,0.023,26,28.5,16.5,6.4,1.8,0.5,1.7,0.479,0.0,0.792,3.1,0.201
8,2019,9,Sylvia Fowles,33,MIN,0.0,9.0,430,0.021,34,29.5,13.6,8.9,1.5,0.9,1.4,0.588,,0.707,5.3,0.253
9,2019,10T,Liz Cambage,27,LVA,0.0,7.0,430,0.016,32,25.2,15.9,8.2,2.1,0.6,1.6,0.504,0.167,0.748,4.1,0.245
10,2019,10T,Arike Ogunbowale,21,DAL,0.0,7.0,430,0.016,33,32.1,19.1,2.4,3.2,1.1,0.0,0.388,0.352,0.815,2.7,0.121
11,2019,12,Chelsea Gray,26,LAS,0.0,5.0,430,0.012,34,32.6,14.5,3.8,5.9,1.0,0.1,0.416,0.382,0.917,2.4,0.102
12,2019,13,Courtney Williams,24,CON,0.0,3.0,430,0.007,34,29.1,13.2,5.6,3.8,1.4,0.4,0.435,0.457,0.8,3.5,0.171
0,2020,1,A'ja Wilson,23,LVA,43.0,458.0,470,0.974,22,31.7,20.5,8.5,2.0,1.2,2.0,0.48,,0.781,4.0,0.276
1,2020,2,Breanna Stewart,25,SEA,3.0,308.0,470,0.655,20,30.4,19.7,8.3,3.6,1.7,1.3,0.451,0.368,0.894,3.9,0.305
2,2020,3,Candace Parker,33,LAS,0.0,219.0,470,0.466,22,30.2,14.7,9.7,4.6,1.2,1.2,0.51,0.396,0.731,3.2,0.235
3,2020,4,Courtney Vandersloot,30,CHI,1.0,135.0,470,0.287,22,31.5,13.6,3.5,10.0,1.2,0.4,0.491,0.395,0.889,4.1,0.281
4,2020,5,Napheesa Collier,23,MIN,0.0,36.0,470,0.077,22,34.2,16.1,9.0,3.3,1.8,1.3,0.523,0.408,0.829,3.8,0.241
5,2020,6,Arike Ogunbowale,22,DAL,0.0,27.0,470,0.057,22,34.0,22.8,2.8,3.5,1.6,0.0,0.413,0.336,0.856,1.9,0.124
6,2020,7,Diana Taurasi,37,PHO,0.0,20.0,470,0.043,19,28.1,18.7,4.2,4.5,1.0,0.4,0.409,0.365,0.912,3.0,0.273
7,2020,8,DeWanna Bonner,32,CON,0.0,11.0,470,0.023,22,33.3,19.7,7.8,3.0,1.7,0.5,0.422,0.252,0.895,3.2,0.21
8,2020,9,Alyssa Thomas,27,CON,0.0,4.0,470,0.009,21,32.8,15.5,9.0,4.8,2.0,0.3,0.5,0.0,0.686,3.2,0.223
9,2020,10T,Skylar Diggins,29,PHO,0.0,2.0,470,0.004,22,30.7,17.7,3.3,4.2,0.9,0.5,0.474,0.397,0.9,2.4,0.168
10,2020,10T,Myisha Hines-Allen,24,WAS,0.0,2.0,470,0.004,22,30.0,17.0,8.9,2.6,1.4,0.2,0.51,0.426,0.828,2.7,0.194
0,2021,1,Jonquel Jones,27,CON,48.0,487.0,490,0.994,27,31.7,19.4,11.2,2.8,1.3,1.3,0.515,0.362,0.802,6.6,0.369
1,2021,2,Brittney Griner,30,PHO,1.0,224.0,490,0.457,30,32.8,20.5,9.5,2.7,0.4,1.9,0.575,0.444,0.846,6.3,0.307
2,2021,3,Breanna Stewart,26,SEA,0.0,156.0,490,0.318,28,33.4,20.3,9.6,2.7,1.2,1.7,0.439,0.336,0.847,5.1,0.264
3,2021,4,Sylvia Fowles,35,MIN,0.0,137.0,490,0.28,31,30.1,16.0,10.1,1.4,1.8,1.8,0.64,,0.755,6.0,0.309
4,2021,5,Tina Charles,32,WAS,0.0,127.0,490,0.259,27,33.3,23.4,9.6,2.1,0.9,0.9,0.449,0.365,0.82,3.2,0.171
5,2021,6,A'ja Wilson,24,LVA,0.0,120.0,490,0.245,32,31.9,18.3,9.3,3.1,0.9,1.3,0.444,1.0,0.876,5.7,0.269
6,2021,7,Skylar Diggins,30,PHO,0.0,11.0,490,0.022,32,32.5,17.7,3.2,5.3,1.1,0.8,0.45,0.37,0.818,4.9,0.225
7,2021,8,Arike Ogunbowale,23,DAL,0.0,5.0,490,0.01,32,31.3,18.7,3.2,3.3,1.1,0.0,0.383,0.376,0.864,2.8,0.133
8,2021,9,Candace Parker,34,CHI,0.0,4.0,490,0.008,23,26.7,13.3,8.4,4.0,0.8,1.2,0.458,0.329,0.794,2.4,0.187
9,2021,10,Brionna Jones,25,CON,0.0,3.0,490,0.006,32,30.6,14.7,7.3,1.8,1.4,0.5,0.571,0.0,0.796,6.1,0.3
0,2022,1,A'ja Wilson,25,LVA,31.0,478.0,560,0.854,36,30.0,19.5,9.4,2.1,1.4,1.9,0.501,0.373,0.813,6.5,0.289
1,2022,2,Breanna Stewart,27,SEA,23.0,446.0,560,0.796,34,30.9,21.8,7.6,2.9,1.6,0.9,0.472,0.379,0.837,7.4,0.34
2,2022,3,Kelsey Plum,27,LVA,0.0,181.0,560,0.323,36,32.8,20.2,2.7,5.1,1.0,0.1,0.46,0.42,0.839,4.8,0.194
3,2022,4,Alyssa Thomas,29,CON,0.0,94.0,560,0.168,36,32.1,13.4,8.2,6.1,1.7,0.2,0.5,0.0,0.73,5.8,0.24
4,2022,5,Candace Parker,35,CHI,1.0,78.0,560,0.139,32,28.3,13.2,8.6,4.5,1.0,1.0,0.458,0.311,0.816,3.5,0.187
5,2022,6,Skylar Diggins,31,PHO,0.0,39.0,560,0.07,30,34.0,19.7,4.0,5.5,1.5,1.0,0.429,0.296,0.844,3.1,0.145
6,2022,7,Jonquel Jones,28,CON,0.0,38.0,560,0.068,33,26.4,14.6,8.6,1.8,1.1,1.2,0.513,0.369,0.802,4.9,0.269
7,2022,8,Sabrina Ionescu,24,NYL,0.0,24.0,560,0.043,36,32.3,17.4,7.1,6.3,1.1,0.3,0.411,0.333,0.931,4.3,0.179
8,2022,9,Chelsea Gray,29,LVA,1.0,20.0,560,0.036,35,29.7,13.7,3.2,6.1,1.6,0.3,0.491,0.34,0.91,4.3,0.197
9,2022,10,Nneka Ogwumike,31,LAS,0.0,16.0,560,0.029,34,31.4,18.1,6.6,2.0,1.7,0.4,0.544,0.368,0.826,4.0,0.181
10,2022,11T,Elena Delle Donne,32,WAS,0.0,9.0,560,0.016,25,27.8,17.2,6.3,2.3,0.5,1.1,0.48,0.368,0.913,4.4,0.302
11,2022,11T,Courtney Vandersloot,32,CHI,0.0,9.0,560,0.016,32,26.5,11.8,3.9,6.5,1.2,0.5,0.481,0.367,0.765,3.5,0.196
12,2022,13,Kahleah Copper,27,CHI,0.0,8.0,560,0.014,31,28.7,15.7,5.7,2.3,0.5,0.0,0.481,0.356,0.775,2.8,0.153
13,2022,14,Sylvia Fowles,36,MIN,0.0,7.0,560,0.012,30,27.7,14.4,9.8,1.2,1.0,1.2,0.622,,0.66,3.7,0.215
14,2022,15,Emma Meesseman,28,CHI,0.0,5.0,560,0.009,36,28.6,12.4,5.6,3.8,1.4,0.8,0.571,0.342,0.887,5.6,0.262
15,2022,16,Natasha Cloud,29,WAS,0.0,3.0,560,0.005,34,31.3,10.7,3.6,7.0,1.0,0.3,0.399,0.319,0.824,3.2,0.146
16,2022,17,Arike Ogunbowale,24,DAL,0.0,1.0,560,0.002,30,31.4,19.7,3.3,3.6,1.5,0.1,0.4,0.352,0.798,3.1,0.156
0,2023,1,Breanna Stewart,28,NYL,20.0,446.0,600,0.743,40,34.1,23.0,9.3,3.8,1.5,1.6,0.465,0.355,0.851,10.3,0.362
1,2023,2,Alyssa Thomas,30,CON,23.0,439.0,600,0.732,40,36.2,15.5,9.9,7.9,1.8,0.5,0.474,0.0,0.715,6.1,0.203
2,2023,3,A'ja Wilson,26,LVA,17.0,433.0,600,0.722,40,30.7,22.8,9.5,1.6,1.4,2.2,0.557,0.31,0.812,10.4,0.406
3,2023,4,Napheesa Collier,26,MIN,0.0,109.0,600,0.182,37,33.5,21.5,8.5,2.5,1.6,1.2,0.485,0.298,0.84,5.2,0.203
4,2023,5,Satou Sabally,24,DAL,0.0,35.0,600,0.058,38,33.1,18.6,8.1,4.4,1.8,0.4,0.435,0.361,0.874,5.9,0.224
5,2023,6,Nneka Ogwumike,32,LAS,0.0,27.0,600,0.045,36,31.1,19.1,8.8,2.7,1.7,0.7,0.512,0.339,0.87,5.6,0.241
6,2023,7T,Chelsea Gray,30,LVA,0.0,23.0,600,0.038,40,32.2,15.3,4.0,7.3,1.4,0.6,0.49,0.421,0.897,7.0,0.259
7,2023,7T,Jewell Loyd,29,SEA,0.0,23.0,600,0.038,38,35.4,24.7,4.7,3.4,1.0,0.4,0.37,0.356,0.888,3.5,0.123
8,2023,9,Jackie Young,25,LVA,0.0,13.0,600,0.022,40,31.5,17.6,4.0,3.8,1.3,0.1,0.523,0.449,0.867,7.5,0.287
9,2023,10,Arike Ogunbowale,25,DAL,0.0,9.0,600,0.015,40,37.2,21.2,3.4,4.5,1.7,0.1,0.398,0.343,0.876,4.2,0.136
10,2023,11T,Aliyah Boston,21,IND,0.0,1.0,600,0.002,40,31.2,14.5,8.4,2.2,1.3,1.3,0.578,0.4,0.745,6.0,0.23
11,2023,11T,Sabrina Ionescu,25,NYL,0.0,1.0,600,0.002,36,31.5,17.0,5.6,5.4,1.0,0.3,0.423,0.448,0.872,5.6,0.236
12,2023,11T,Courtney Vandersloot,33,NYL,0.0,1.0,600,0.002,39,30.4,10.5,3.5,8.1,1.3,0.6,0.442,0.294,0.761,4.5,0.181
0,2024,1,A'ja Wilson,27,LVA,67.0,670.0,670,1.0,38,34.4,26.9,11.9,2.3,1.8,2.6,0.518,0.317,0.844,10.9,0.399
1,2024,2,Napheesa Collier,27,MIN,0.0,467.0,670,0.697,34,34.7,20.4,9.7,3.4,1.9,1.4,0.492,0.31,0.804,7.4,0.3
2,2024,3,Breanna Stewart,29,NYL,0.0,295.0,670,0.44,38,32.7,20.4,8.5,3.5,1.7,1.3,0.458,0.295,0.845,8.7,0.338
3,2024,4,Caitlin Clark,22,IND,0.0,130.0,670,0.194,40,35.4,19.2,5.7,8.4,1.3,0.7,0.417,0.344,0.906,3.0,0.103
4,2024,5,Alyssa Thomas,31,CON,0.0,83.0,670,0.124,40,32.4,10.6,8.4,7.9,1.6,0.5,0.509,0.0,0.628,5.5,0.204
5,2024,6,Sabrina Ionescu,26,NYL,0.0,35.0,670,0.052,38,32.1,18.2,4.4,6.2,1.0,0.3,0.394,0.333,0.898,4.9,0.192
6,2024,7,Nneka Ogwumike,33,SEA,0.0,25.0,670,0.037,37,31.8,16.7,7.6,2.3,1.9,0.5,0.511,0.405,0.876,6.4,0.261
7,2024,8,Kahleah Copper,29,PHO,0.0,11.0,670,0.016,37,32.4,21.1,4.5,2.3,0.8,0.1,0.435,0.314,0.807,1.1,0.044
8,2024,9,Arike Ogunbowale,26,DAL,0.0,7.0,670,0.01,38,38.6,22.2,4.6,5.1,2.1,0.3,0.383,0.346,0.921,3.3,0.107
9,2024,10T,Jonquel Jones,30,NYL,0.0,6.0,670,0.009,39,29.8,14.2,9.0,3.2,0.8,1.3,0.538,0.388,0.788,6.5,0.268
10,2024,10T,Kelsey Mitchell,28,IND,0.0,6.0,670,0.009,40,32.0,19.2,2.5,1.8,0.7,0.2,0.468,0.402,0.832,3.2,0.122
11,2024,12,Angel Reese,21,CHI,0.0,3.0,670,0.004,34,32.5,13.6,13.1,1.9,1.3,0.5,0.391,0.188,0.736,2.7,0.118
12,2024,13,Dearica Hamby,30,LAS,0.0,2.0,670,0.003,40,33.7,17.3,9.2,3.5,1.7,0.2,0.512,0.341,0.631,3.4,0.122
13,2024,14T,DeWanna Bonner,36,CON,0.0,1.0,670,0.001,40,31.8,15.0,6.0,2.0,1.2,0.7,0.415,0.294,0.832,4.9,0.186
14,2024,14T,Kayla McBride,31,MIN,0.0,1.0,670,0.001,39,31.7,15.0,2.6,3.2,1.3,0.1,0.42,0.407,0.893,5.2,0.203
0,2025,1,A'ja Wilson,28,LVA,51.0,657.0,720,0.912,40,31.2,23.4,10.2,3.1,1.6,2.3,0.505,0.424,0.855,9.5,0.365
1,2025,2,Napheesa Collier,28,MIN,18.0,534.0,720,0.742,33,32.3,22.9,7.3,3.2,1.6,1.5,0.531,0.403,0.906,8.3,0.373
2,2025,3,Alyssa Thomas,32,PHO,3.0,391.0,720,0.543,39,31.3,15.4,8.8,9.2,1.6,0.4,0.532,0.0,0.692,6.9,0.27
3,2025,4,Allisha Gray,30,ATL,0.0,180.0,720,0.25,42,34.5,18.4,5.3,3.5,1.1,0.4,0.451,0.384,0.799,7.7,0.255
4,2025,5,Kelsey Mitchell,29,IND,0.0,93.0,720,0.129,44,31.4,20.2,1.8,3.4,0.9,0.2,0.456,0.394,0.784,5.6,0.193
5,2025,6T,Aliyah Boston,23,IND,0.0,5.0,720,0.007,44,30.2,15.0,8.2,3.7,1.2,0.9,0.538,0.207,0.762,7.1,0.258
6,2025,6T,Nneka Ogwumike,34,SEA,0.0,5.0,720,0.007,44,30.9,18.3,7.0,2.3,1.1,0.4,0.519,0.367,0.822,5.7,0.201
7,2025,8,Jackie Young,27,LVA,0.0,2.0,720,0.003,44,30.4,16.5,4.5,5.1,1.3,0.4,0.475,0.359,0.894,6.6,0.236
8,2025,9T,Veronica Burton,24,GSV,0.0,1.0,720,0.001,44,29.4,11.9,4.4,6.0,1.1,0.6,0.387,0.345,0.878,6.4,0.238
9,2025,9T,Dearica Hamby,31,LAS,0.0,1.0,720,0.001,44,31.2,18.4,7.9,3.3,1.6,0.5,0.572,0.278,0.627,5.6,0.195
10,2025,9T,Rhyne Howard,24,ATL,0.0,1.0,720,0.001,33,34.9,17.5,4.5,4.6,1.5,0.8,0.375,0.322,0.856,5.1,0.212
11,2025,9T,Rickea Jackson,23,LAS,0.0,1.0,720,0.001,38,30.9,14.7,3.2,1.7,0.6,0.4,0.424,0.348,0.847,0.3,0.011
12,2025,9T,Breanna Stewart,30,NYL,0.0,1.0,720,0.001,31,30.6,18.3,6.5,3.5,1.4,1.4,0.461,0.241,0.837,4.9,0.246
